latitude,longitude,elevation,utc_offset_seconds,timezone,timezone_abbreviation,station_id,station_name,location_slug,source_air_quality,source_weather,period_start,period_end
36.70000457763672,-119.80000305175781,91.0,0,,,FRES_OPENMETEO,Fresno - Open-Meteo,fresno_ca,https://air-quality-api.open-meteo.com/v1/air-quality,https://archive-api.open-meteo.com/v1/archive,2023-02-01,2023-02-28
time,pm10_ug_m3,pm2_5_ug_m3,carbon_monoxide_ug_m3,carbon_dioxide_ppm,nitrogen_dioxide_ug_m3,sulphur_dioxide_ug_m3,ozone_ug_m3,us_aqi,temperature_2m,rain,cloud_cover,wind_speed_10m,wind_direction_10m,relative_humidity_2m,surface_pressure
2023-02-01T00:00,9.0,6.2,175.0,,4.6,1.3,75.0,42.13541,11.65,0.0,0.0,1.8,216.86998,46.63604,1010.6197
2023-02-01T01:00,10.8,7.5,200.0,,13.75,1.3,62.0,42.23958,8.95,0.0,0.0,5.5887027,255.06853,66.99982,1010.4154
2023-02-01T02:00,13.2,9.2,236.0,,26.8,1.35,44.0,42.55208,5.9,0.0,0.0,7.208994,267.13766,67.789604,1010.6895
2023-02-01T03:00,15.0,10.4,286.0,,40.25,1.4,24.0,43.142357,5.9,0.0,0.0,5.771239,273.57626,62.13083,1010.88727
2023-02-01T04:00,17.0,11.9,326.0,,43.1,1.45,19.0,43.94097,7.2,0.0,0.0,4.5820518,315.0001,52.221867,1011.236
2023-02-01T05:00,19.1,13.3,368.0,,42.55,1.45,18.0,44.930553,5.3,0.0,0.0,3.6,53.13002,63.363564,1011.3573
2023-02-01T06:00,21.1,14.8,404.0,,41.1,1.45,19.0,46.024296,4.2,0.0,0.0,3.219938,63.435013,71.74159,1011.6095
2023-02-01T07:00,22.2,15.5,406.0,,41.4,1.4,18.0,47.135403,2.15,0.0,0.0,5.0911684,81.86999,83.5298,1011.8217
2023-02-01T08:00,21.6,15.1,393.0,,41.7,1.35,18.0,48.159714,1.05,0.0,24.0,7.342588,78.6901,89.06593,1011.67706
2023-02-01T09:00,20.4,14.2,366.0,,40.45,1.25,20.0,48.975693,0.55,0.0,0.0,9.726665,92.12105,89.67675,1011.5575
2023-02-01T10:00,18.9,13.2,337.0,,37.0,1.15,25.0,49.583336,0.55,0.0,0.0,10.446206,91.97489,86.76993,1011.65643
2023-02-01T11:00,17.9,12.5,302.0,,32.2,1.05,31.0,50.00886,0.3,0.0,0.0,10.1376915,83.88459,87.06387,1011.74475
2023-02-01T12:00,17.2,12.0,226.0,,19.7,0.9,49.0,50.159573,0.75,0.0,0.0,6.12,61.92762,89.04046,1011.56573
2023-02-01T13:00,17.4,12.1,227.0,,20.45,0.9,49.0,50.34574,0.1,0.0,0.0,8.905908,75.96373,88.98496,1011.6373
2023-02-01T14:00,18.1,12.6,228.0,,21.45,0.85,48.0,50.469856,1.6,0.0,0.0,4.2136917,109.98319,81.05413,1011.8977
2023-02-01T15:00,19.4,13.5,226.0,,21.15,0.85,50.0,50.54078,1.75,0.0,0.0,3.319036,130.60121,79.02113,1012.2006
2023-02-01T16:00,21.2,14.8,219.0,,18.35,0.9,55.0,50.611706,1.7,0.0,0.0,1.609969,63.435013,81.06812,1012.49536
2023-02-01T17:00,25.3,17.6,209.0,,14.15,0.9,61.0,50.753548,4.25,0.0,0.0,4.6938257,32.471172,79.11372,1013.09467
2023-02-01T18:00,17.4,12.1,196.0,,9.25,1.0,70.0,51.320923,7.65,0.0,0.0,4.39436,55.0079,64.37269,1013.3307
2023-02-01T19:00,14.7,10.2,188.0,,6.95,1.1,77.0,51.356388,10.35,0.0,0.0,2.5959969,123.690094,57.42542,1013.0419
2023-02-01T20:00,13.7,9.5,181.0,,5.25,1.15,85.0,51.12589,12.25,0.0,0.0,3.319036,167.4712,53.59298,1012.1265
2023-02-01T21:00,13.7,9.5,174.0,,4.05,1.25,92.0,50.780148,13.6,0.0,60.0,3.6179552,174.2895,51.18638,1011.4859
2023-02-01T22:00,14.2,9.8,169.0,,3.05,1.25,95.0,50.443268,14.45,0.0,12.0,2.6208394,164.05453,49.64839,1011.22144
2023-02-01T23:00,14.6,10.1,165.0,,2.5,1.2,95.0,50.16844,14.85,0.0,35.0,2.968636,104.03627,46.877254,1011.23645
2023-02-02T00:00,11.2,7.7,177.0,,5.45,1.25,89.0,49.930557,14.65,0.0,88.0,1.2979984,326.3099,41.49582,1011.32776
2023-02-02T01:00,12.3,8.6,209.0,,16.15,1.3,75.0,50.09752,14.1,0.0,69.0,4.1046314,322.12494,41.633564,1011.40607
2023-02-02T02:00,15.2,10.5,255.0,,31.35,1.4,55.0,50.195038,11.55,0.0,54.0,5.8603754,280.6196,50.26293,1011.4068
2023-02-02T03:00,18.2,12.7,311.0,,47.15,1.5,33.0,50.31029,7.55,0.0,16.0,11.726277,287.87878,67.65591,1011.7445
2023-02-02T04:00,20.2,14.1,345.0,,51.15,1.5,25.0,50.51419,6.05,0.0,10.0,11.298495,329.3494,76.61231,1011.9811
2023-02-02T05:00,21.7,15.1,374.0,,51.4,1.45,20.0,50.709225,5.2,0.0,26.0,9.178235,11.3098955,80.97022,1012.54016
2023-02-02T06:00,22.2,15.5,389.0,,49.1,1.35,18.0,50.868797,4.15,0.0,30.0,6.379216,73.61038,81.99261,1012.7938
2023-02-02T07:00,20.1,14.0,368.0,,46.2,1.25,19.0,50.93085,2.7,0.0,9.0,7.9526596,95.19434,87.93049,1012.8333
2023-02-02T08:00,17.9,12.5,329.0,,41.7,1.1,22.0,50.797874,2.45,0.0,7.0,8.12197,102.80426,87.90736,1012.9217
2023-02-02T09:00,16.6,11.6,276.0,,34.8,0.9,28.0,50.567375,2.1,0.0,2.0,8.707238,97.12492,87.55753,1013.00635
2023-02-02T10:00,16.5,11.5,244.0,,28.45,0.8,34.0,50.33688,1.65,0.0,0.0,9.72,90.0,87.19721,1013.383
2023-02-02T11:00,16.1,11.2,214.0,,21.3,0.75,40.0,50.18617,1.85,0.0,0.0,8.654986,73.07241,82.88599,1013.58905
2023-02-02T12:00,13.4,9.3,197.0,,16.95,0.65,45.0,50.070923,1.45,0.0,0.0,6.519877,83.659904,84.98159,1013.37476
2023-02-02T13:00,12.7,8.8,194.0,,17.45,0.65,45.0,49.670143,0.65,0.0,0.0,8.473393,77.735245,87.73891,1013.63794
2023-02-02T14:00,12.6,8.8,190.0,,18.1,0.6,46.0,49.097218,0.45,0.0,15.0,6.8399997,90.0,84.55548,1013.8272
2023-02-02T15:00,13.8,9.6,189.0,,18.4,0.6,46.0,48.437496,0.35,0.0,78.0,6.12,90.0,84.23274,1014.11957
2023-02-02T16:00,15.5,10.8,196.0,,17.9,0.55,45.0,47.760418,2.5,0.0,100.0,7.628263,109.290146,76.57451,1014.40717
2023-02-02T17:00,19.6,13.6,206.0,,16.9,0.55,44.0,47.06597,6.25,0.0,100.0,4.510787,151.38963,70.856026,1015.1537
2023-02-02T18:00,19.5,13.6,213.0,,14.9,0.55,47.0,46.37153,9.3,0.0,100.0,3.7064266,119.05451,67.54929,1015.5722
2023-02-02T19:00,20.4,14.2,205.0,,12.3,0.7,56.0,46.631943,12.1,0.0,100.0,6.439876,116.56499,62.70898,1015.6815
2023-02-02T20:00,19.7,13.7,192.0,,9.05,0.85,68.0,47.326393,14.3,0.0,100.0,8.587338,123.02387,55.27579,1014.67804
2023-02-02T21:00,18.3,12.8,178.0,,6.15,1.05,79.0,48.055565,15.45,0.0,100.0,8.404285,136.73567,52.046814,1013.8314
2023-02-02T22:00,18.0,12.5,175.0,,5.35,1.1,80.0,48.628475,16.0,0.0,100.0,7.491114,144.78232,47.862797,1013.45636
2023-02-02T23:00,18.5,12.9,176.0,,5.45,1.05,77.0,49.097225,16.2,0.0,100.0,8.714677,128.2902,46.92793,1013.36475
2023-02-03T00:00,24.7,17.2,207.0,,10.8,0.95,57.0,49.583336,15.45,0.0,100.0,5.904439,142.43134,56.923878,1012.94104
2023-02-03T01:00,27.1,18.9,221.0,,17.5,0.95,50.0,50.629436,12.45,0.0,100.0,9.255571,166.50426,66.35876,1013.3212
2023-02-03T02:00,26.7,18.6,241.0,,27.0,1.0,39.0,51.542557,11.3,0.0,100.0,9.511088,119.4758,64.74356,1013.5733
2023-02-03T03:00,25.7,17.9,274.0,,37.6,1.05,28.0,52.260635,10.25,0.0,100.0,11.304229,127.23492,70.15432,1013.8291
2023-02-03T04:00,26.1,18.2,311.0,,41.6,1.15,24.0,52.72163,9.15,0.0,100.0,11.988594,138.65233,75.00092,1013.3902
2023-02-03T05:00,27.6,19.3,354.0,,43.8,1.25,21.0,53.085106,9.35,0.0,100.0,10.182337,135.0001,75.55881,1013.2992
2023-02-03T06:00,29.9,20.8,386.0,,44.8,1.35,20.0,53.457443,7.8,0.0,97.0,8.891344,111.3707,79.63983,1013.3367
2023-02-03T07:00,30.3,21.1,372.0,,44.5,1.3,20.0,53.927303,7.0,0.0,100.0,9.826088,81.57312,80.08421,1012.71155
2023-02-03T08:00,26.3,18.3,336.0,,43.0,1.15,21.0,54.55674,6.55,0.0,100.0,8.287822,92.4895,73.49263,1013.089
2023-02-03T09:00,22.5,15.7,287.0,,38.7,1.0,24.0,55.07092,5.7,0.0,100.0,10.144082,117.47435,73.07376,1013.25244
2023-02-03T10:00,21.1,14.7,256.0,,32.2,0.9,29.0,55.434395,6.95,0.0,100.0,7.8954163,114.22774,64.44377,1013.3026
2023-02-03T11:00,20.2,14.1,226.0,,23.8,0.8,36.0,55.718082,5.95,0.0,100.0,10.495713,120.96369,71.82111,1013.16376
2023-02-03T12:00,12.2,8.5,181.0,,12.4,0.6,37.0,55.975174,7.1,0.0,100.0,5.937272,104.03627,66.59792,1013.0121
2023-02-03T13:00,11.6,8.1,183.0,,13.85,0.6,37.0,55.90426,7.15,0.0,100.0,9.107359,71.564964,64.7221,1012.7176
2023-02-03T14:00,12.7,8.8,186.0,,15.85,0.65,38.0,55.8422,7.9,0.0,100.0,9.531505,100.88548,58.67627,1012.64856
2023-02-03T15:00,14.4,10.0,195.0,,17.75,0.65,39.0,55.8422,7.2,0.0,100.0,7.2,143.13002,62.894653,1012.8184
2023-02-03T16:00,16.2,11.3,208.0,,17.95,0.6,39.0,55.877663,7.75,0.0,100.0,5.6920996,198.43504,66.739876,1013.137
2023-02-03T17:00,20.1,14.0,225.0,,17.5,0.55,38.0,55.92198,9.4,0.0,100.0,4.1046314,142.12495,62.961628,1013.79565
2023-02-03T18:00,22.0,15.3,240.0,,16.2,0.6,40.0,55.957447,10.55,0.0,100.0,9.504273,65.37646,63.898983,1014.2365
2023-02-03T19:00,25.8,17.9,238.0,,14.55,0.8,44.0,56.10816,12.2,0.0,100.0,4.452954,104.03627,56.093746,1014.59753
2023-02-03T20:00,30.5,21.2,230.0,,12.35,1.1,50.0,56.43617,13.35,0.0,100.0,2.968636,165.96373,53.134735,1013.85046
2023-02-03T21:00,33.6,23.4,221.0,,10.15,1.45,57.0,57.10106,14.9,0.0,100.0,2.1897945,170.53775,47.555607,1012.92004
2023-02-03T22:00,34.3,23.8,218.0,,8.85,1.65,60.0,58.04078,15.65,0.0,95.0,3.563818,224.9999,42.98649,1012.4537
2023-02-03T23:00,34.9,24.3,217.0,,7.85,1.8,62.0,59.042557,15.75,0.0,70.0,4.0249224,243.43501,46.15085,1011.9628
2023-02-04T00:00,29.7,20.5,189.0,,7.35,1.35,69.0,60.053192,15.95,0.0,95.0,3.396233,32.005356,41.8726,1011.4758
2023-02-04T01:00,29.7,20.6,205.0,,13.9,1.3,59.0,60.345745,12.6,0.0,1.0,6.1094027,44.999897,61.745922,1011.3486
2023-02-04T02:00,28.3,19.6,228.0,,23.25,1.25,44.0,60.49645,9.85,0.0,1.0,10.495713,30.963696,72.056244,1011.34076
2023-02-04T03:00,27.1,18.7,258.0,,33.5,1.15,28.0,60.585106,9.85,0.0,0.0,9.504272,37.30404,75.38185,1011.2418
2023-02-04T04:00,26.7,18.5,281.0,,37.15,1.1,22.0,60.65603,12.45,0.0,0.0,6.28713,346.75946,63.008224,1011.34283
2023-02-04T05:00,26.7,18.5,305.0,,38.9,1.1,19.0,60.682625,7.65,0.0,1.0,10.383987,326.3099,83.89572,1011.7483
2023-02-04T06:00,25.6,17.6,320.0,,39.1,1.05,18.0,60.611702,6.6,0.0,13.0,10.495713,354.09393,86.75574,1012.1019
2023-02-04T07:00,23.3,16.1,308.0,,37.7,1.0,20.0,60.32802,8.8,0.0,47.0,5.1165614,309.28937,77.86884,1011.8929
2023-02-04T08:00,21.7,14.9,283.0,,34.9,0.95,23.0,59.88475,8.05,0.0,0.0,4.39436,304.9921,83.36256,1011.6653
2023-02-04T09:00,20.6,14.2,251.0,,30.3,0.85,29.0,59.583336,7.15,0.0,71.0,2.2768397,18.435053,88.94674,1011.72864
2023-02-04T10:00,20.0,13.8,234.0,,26.0,0.8,34.0,59.45036,4.45,0.0,94.0,4.510787,61.389645,93.548164,1011.8174
2023-02-04T11:00,20.1,13.9,218.0,,21.1,0.8,39.0,59.37057,4.0,0.0,100.0,4.2136917,70.01681,89.94898,1011.70013
2023-02-04T12:00,14.6,10.0,198.0,,15.85,0.65,43.0,59.35284,3.9,0.0,100.0,4.072935,44.999897,92.2045,1011.3004
2023-02-04T13:00,13.2,9.1,199.0,,16.75,0.65,44.0,59.485817,3.15,0.0,99.0,6.6087217,60.64234,90.85208,1011.1708
2023-02-04T14:00,14.1,9.6,201.0,,18.05,0.7,45.0,59.574474,3.7,0.0,96.0,0.71999997,90.0,83.419136,1011.49
2023-02-04T15:00,16.1,11.1,206.0,,18.6,0.7,46.0,59.64539,2.45,0.0,99.0,5.0142193,68.96242,89.50534,1011.7351
2023-02-04T16:00,17.4,12.0,213.0,,17.4,0.7,47.0,59.74291,4.0,0.0,100.0,10.182337,98.13002,80.80292,1011.799
2023-02-04T17:00,20.8,14.4,223.0,,15.25,0.65,47.0,59.804962,8.05,0.0,100.0,7.8954163,136.8476,72.22196,1012.06085
2023-02-04T18:00,24.4,16.8,230.0,,12.2,0.7,51.0,59.840427,11.15,0.0,100.0,7.10031,149.53453,65.84728,1012.18286
2023-02-04T19:00,32.0,22.2,227.0,,9.8,0.95,58.0,59.973408,13.5,0.0,100.0,9.220499,141.34016,59.033585,1012.07556
2023-02-04T20:00,34.5,23.8,219.0,,7.2,1.25,67.0,60.354607,15.0,0.0,100.0,10.195057,137.86247,53.945065,1011.1431
2023-02-04T21:00,32.2,22.2,208.0,,4.9,1.55,76.0,60.585106,16.05,0.0,100.0,10.182337,135.0001,50.785374,1010.0946
2023-02-04T22:00,30.9,21.2,201.0,,4.3,1.5,79.0,60.47872,16.95,0.0,95.0,10.464797,139.18501,47.629776,1009.13885
2023-02-04T23:00,29.3,20.2,195.0,,4.5,1.35,81.0,60.24823,17.15,0.0,99.0,10.948973,152.59251,46.705894,1008.8493
2023-02-05T00:00,30.7,21.2,217.0,,6.9,1.35,71.0,59.88475,16.6,0.0,99.0,10.144082,152.52565,52.354008,1008.2354
2023-02-05T01:00,31.4,21.7,230.0,,11.75,1.3,63.0,59.94681,14.45,0.0,93.0,8.78872,145.0079,61.33485,1007.8579
2023-02-05T02:00,31.0,21.4,248.0,,18.6,1.25,51.0,60.044334,13.25,0.0,94.0,9.826088,151.55717,65.177124,1008.1092
2023-02-05T03:00,28.7,19.8,260.0,,24.2,1.1,41.0,60.203903,12.55,0.0,88.0,13.004922,138.36655,67.76332,1007.8845
2023-02-05T04:00,25.3,17.5,250.0,,22.4,0.95,43.0,60.301422,12.35,0.0,100.0,13.237038,135.0001,67.25728,1007.4812
2023-02-05T05:00,23.2,16.0,230.0,,17.55,0.75,50.0,60.21277,12.8,0.0,100.0,9.0645685,186.84268,66.89178,1008.19073
2023-02-05T06:00,21.9,15.1,205.0,,11.75,0.55,58.0,59.991135,12.8,1.0,100.0,9.6932955,195.06854,85.053635,1008.4875
2023-02-05T07:00,20.0,13.8,192.0,,9.75,0.45,61.0,59.769505,12.8,1.5,100.0,7.928178,182.60251,90.29786,1008.4875
2023-02-05T08:00,17.9,12.4,180.0,,8.55,0.4,63.0,59.565605,12.25,0.2,92.0,9.290511,125.537766,91.46606,1008.16986
2023-02-05T09:00,14.8,10.2,168.0,,7.6,0.35,64.0,59.34397,10.95,1.5,89.0,13.089354,121.50421,90.77066,1008.0206
2023-02-05T10:00,12.7,8.8,162.0,,7.3,0.3,64.0,58.989357,10.75,2.1,100.0,7.968939,198.43504,94.80265,1008.6065
2023-02-05T11:00,10.2,7.0,159.0,,7.4,0.25,63.0,58.546097,11.2,0.6,70.0,8.404285,316.73566,92.630005,1009.51404
2023-02-05T12:00,10.4,7.2,154.0,,5.3,0.25,68.0,57.93439,10.3,0.0,1.0,4.6800003,67.3801,93.20481,1010.07245
2023-02-05T13:00,9.8,6.8,158.0,,6.85,0.3,67.0,57.68617,10.0,0.0,4.0,4.802999,347.00537,93.50402,1010.15955
2023-02-05T14:00,10.0,6.9,164.0,,9.0,0.35,66.0,57.482265,8.1,0.0,2.0,6.3690495,317.29062,97.980736,1010.9751
2023-02-05T15:00,11.3,7.8,167.0,,10.5,0.4,65.0,57.242905,7.5,0.0,0.0,7.754637,338.19852,98.30675,1012.03925
2023-02-05T16:00,10.3,7.0,162.0,,9.25,0.4,66.0,56.950348,9.05,0.0,5.0,6.830519,341.56494,92.508316,1012.6941
2023-02-05T17:00,7.9,5.3,153.0,,6.8,0.35,69.0,56.507088,10.9,0.0,16.0,7.208994,357.13766,84.55916,1013.36
2023-02-05T18:00,6.1,4.0,143.0,,3.9,0.3,73.0,55.700348,12.25,0.3,44.0,5.8603754,349.3804,73.75057,1013.90704
2023-02-05T19:00,5.6,3.6,138.0,,2.7,0.3,77.0,54.565598,11.65,5.1,57.0,10.514218,308.0471,74.40345,1014.27954
2023-02-05T20:00,6.3,3.9,135.0,,1.85,0.35,83.0,52.916664,12.25,0.8,67.0,6.924738,351.02744,74.25458,1013.6102
2023-02-05T21:00,6.6,4.0,132.0,,1.3,0.4,87.0,51.15248,12.5,3.8,51.0,3.4152596,288.43503,70.59621,1012.82855
2023-02-05T22:00,6.4,4.0,132.0,,1.2,0.4,87.0,49.097218,12.4,3.8,80.0,2.5455842,81.86999,67.03683,1012.13226
2023-02-05T23:00,6.5,4.1,133.0,,1.45,0.4,86.0,46.11111,10.5,4.8,86.0,15.379206,327.42596,74.45837,1012.4541
2023-02-06T00:00,13.9,8.6,139.0,,3.45,0.5,83.0,43.315975,11.75,0.1,47.0,6.379216,286.38962,66.89837,1012.30505
2023-02-06T01:00,13.0,8.3,143.0,,4.75,0.45,79.0,41.12847,10.2,0.8,86.0,10.296251,306.46933,78.35435,1012.5414
2023-02-06T02:00,11.7,7.5,148.0,,6.6,0.35,73.0,38.802086,9.05,2.3,82.0,8.473393,347.73523,83.19646,1012.89185
2023-02-06T03:00,11.1,7.2,156.0,,8.8,0.25,66.0,37.975414,8.0,0.0,85.0,13.830749,308.65982,89.32458,1013.6414
2023-02-06T04:00,12.0,7.9,163.0,,10.05,0.25,61.0,37.33766,7.7,0.1,69.0,12.181624,325.84024,91.48136,1014.0252
2023-02-06T05:00,12.7,8.4,172.0,,11.1,0.25,56.0,36.062153,6.75,0.0,6.0,8.4963045,306.38446,93.01685,1014.08594
2023-02-06T06:00,12.2,8.2,179.0,,11.7,0.3,51.0,34.264843,6.2,0.0,5.0,9.673221,315.0001,92.02155,1014.75616
2023-02-06T07:00,12.3,8.3,179.0,,11.1,0.3,49.0,32.177647,5.8,0.0,7.0,8.404285,316.73566,91.67607,1015.0366
2023-02-06T08:00,12.8,8.6,176.0,,9.9,0.3,47.0,30.032467,5.25,0.0,0.0,7.7043357,307.40543,93.26124,1015.01434
2023-02-06T09:00,13.9,9.4,172.0,,8.4,0.4,46.0,28.402775,4.9,0.0,14.0,7.8954163,313.1524,94.560974,1015.0989
2023-02-06T10:00,15.0,10.0,170.0,,7.3,0.4,47.0,28.263887,5.55,0.0,2.0,10.233123,309.28937,93.930786,1015.42206
2023-02-06T11:00,15.4,10.3,168.0,,6.1,0.5,48.0,28.472223,5.35,0.0,1.0,11.019764,308.36752,94.58017,1015.5129
2023-02-06T12:00,14.6,9.8,179.0,,7.3,0.5,43.0,29.045137,5.25,0.0,1.0,8.0899935,302.27563,96.24229,1016.201
2023-02-06T13:00,15.8,10.7,190.0,,9.5,0.5,42.0,29.49653,4.05,0.0,11.0,6.792466,302.00534,97.57088,1016.4486
2023-02-06T14:00,17.3,11.7,205.0,,12.7,0.6,40.0,30.17361,3.0,0.0,53.0,8.534353,297.64587,98.593605,1016.801
2023-02-06T15:00,19.4,13.0,216.0,,14.9,0.6,40.0,31.00694,3.3,0.0,100.0,6.151683,290.55612,98.24899,1017.2089
2023-02-06T16:00,23.1,15.4,208.0,,13.3,0.8,43.0,31.909721,5.5,0.0,100.0,10.799999,306.86996,94.25697,1017.8924
2023-02-06T17:00,21.6,14.4,192.0,,10.0,0.9,47.0,33.368053,5.9,0.0,100.0,9.290511,324.46225,94.2749,1018.5021
2023-02-06T18:00,15.8,10.5,174.0,,6.3,1.1,52.0,34.947918,6.65,0.0,100.0,5.634891,333.43503,91.41255,1018.92804
2023-02-06T19:00,16.0,10.6,169.0,,5.1,1.2,55.0,36.07639,7.85,0.0,100.0,2.2768397,341.56494,84.21122,1018.877
2023-02-06T20:00,16.0,10.6,167.0,,4.5,1.2,57.0,37.291668,8.85,0.1,100.0,1.835647,281.3099,77.60638,1018.22473
2023-02-06T21:00,15.6,10.4,165.0,,4.1,1.1,59.0,38.454865,9.5,0.1,100.0,4.452954,284.03625,75.06122,1017.2616
2023-02-06T22:00,15.1,10.0,161.0,,3.2,1.1,60.0,39.56597,10.25,0.1,100.0,4.3498964,294.44394,71.38438,1016.8953
2023-02-06T23:00,14.1,9.3,158.0,,2.3,1.0,61.0,40.60764,10.9,0.0,100.0,4.6938257,327.52884,68.12315,1016.82196
2023-02-07T00:00,18.0,11.7,166.0,,4.7,1.0,66.0,41.510418,10.05,0.0,75.0,3.0758414,290.55612,69.62734,1016.6899
2023-02-07T01:00,17.3,11.3,176.0,,8.3,1.0,59.0,42.04861,9.3,0.0,5.0,3.2599385,6.3401003,77.67703,1016.36334
2023-02-07T02:00,18.3,12.0,191.0,,13.5,1.0,49.0,42.569443,6.05,0.0,1.0,6.489992,33.6901,88.54378,1016.23346
2023-02-07T03:00,18.5,12.1,212.0,,19.8,1.1,38.0,43.350693,4.45,0.0,1.0,6.12,28.072395,90.62271,1016.46515
2023-02-07T04:00,18.5,12.2,230.0,,23.1,1.1,33.0,44.20139,3.65,0.0,1.0,6.638072,40.601215,91.53634,1016.5312
2023-02-07T05:00,19.1,12.6,249.0,,25.8,1.2,29.0,44.94792,3.2,0.0,0.0,7.653705,41.185837,92.1618,1016.5126
2023-02-07T06:00,20.8,13.9,265.0,,27.5,1.2,26.0,45.677086,2.6,0.0,0.0,10.00256,59.743652,94.12443,1016.2901
2023-02-07T07:00,21.5,14.4,265.0,,26.7,1.1,27.0,46.66667,2.2,0.0,0.0,10.239453,79.87539,94.10579,1016.57
2023-02-07T08:00,21.4,14.3,257.0,,24.7,1.1,29.0,47.725697,1.9,0.0,0.0,8.905908,104.03627,94.09175,1016.6564
2023-02-07T09:00,21.1,14.1,243.0,,21.0,1.0,34.0,48.71528,1.4,0.0,0.0,8.647496,92.385895,94.40833,1016.53656
2023-02-07T10:00,20.8,13.9,229.0,,17.4,1.0,40.0,49.53125,1.3,0.0,0.0,7.928178,87.3975,94.40388,1016.43353
2023-02-07T11:00,21.0,14.0,212.0,,13.0,0.9,47.0,50.106384,1.1,0.0,0.0,7.9526596,84.805664,94.394966,1016.1286
2023-02-07T12:00,22.7,15.6,316.0,,33.0,1.3,27.0,50.4344,1.7,0.0,0.0,7.771331,76.60749,94.762054,1016.15375
2023-02-07T13:00,22.5,15.4,319.0,,34.2,1.3,26.0,50.948586,3.05,0.0,0.0,5.0142193,68.96242,87.96277,1016.6051
2023-02-07T14:00,22.2,15.3,324.0,,35.7,1.2,26.0,51.36525,1.5,0.0,0.0,3.563818,44.999897,91.393105,1017.13385
2023-02-07T15:00,22.4,15.4,320.0,,34.6,1.2,28.0,51.6844,0.9,0.0,0.0,3.0547013,44.999897,91.685234,1017.6033
2023-02-07T16:00,23.8,16.4,303.0,,29.1,1.2,34.0,51.897163,3.0,0.0,1.0,1.5273507,44.999897,87.64285,1017.98755
2023-02-07T17:00,23.1,15.8,277.0,,21.1,1.1,42.0,51.985817,5.65,0.0,13.0,1.4399999,90.0,84.54833,1018.1951
2023-02-07T18:00,22.5,15.2,246.0,,11.9,1.2,53.0,52.10993,8.35,0.0,57.0,3.0547013,135.0001,76.18461,1018.40265
2023-02-07T19:00,23.0,15.5,229.0,,8.4,1.3,60.0,52.526592,10.45,0.0,85.0,4.32,180.0,70.43822,1018.28796
2023-02-07T20:00,24.4,16.3,215.0,,6.3,1.4,66.0,52.96099,11.85,0.0,79.0,5.3517847,222.27362,67.85052,1017.84814
2023-02-07T21:00,25.7,17.2,202.0,,4.7,1.5,72.0,53.46631,12.8,0.0,100.0,2.968636,255.96373,65.302055,1016.99457
2023-02-07T22:00,25.9,17.3,195.0,,3.6,1.5,75.0,54.06915,13.55,0.0,100.0,3.8268526,318.81415,63.044235,1016.3312
2023-02-07T23:00,25.9,17.3,190.0,,3.1,1.4,77.0,54.716312,14.15,0.0,100.0,4.2136917,340.0168,59.39757,1015.9585
2023-02-08T00:00,15.8,10.3,191.0,,5.5,1.4,73.0,55.42553,13.65,0.0,100.0,4.452954,284.03625,58.460377,1015.3458
2023-02-08T01:00,16.5,10.9,206.0,,10.4,1.4,64.0,55.301414,12.05,0.0,100.0,5.506941,281.3099,69.30849,1014.9871
2023-02-08T02:00,16.5,11.0,228.0,,17.4,1.4,50.0,55.265953,9.2,0.0,100.0,8.707237,299.74478,80.95266,1015.0738
2023-02-08T03:00,16.1,10.7,250.0,,24.1,1.4,36.0,55.1773,8.3,0.0,100.0,7.928177,309.47244,86.32543,1015.03815
2023-02-08T04:00,15.5,10.3,253.0,,24.2,1.3,33.0,55.053185,7.75,0.0,98.0,7.2,323.13,88.68998,1015.5106
2023-02-08T05:00,14.6,9.7,250.0,,22.1,1.1,33.0,54.884743,7.25,0.0,98.0,7.7043357,322.59457,88.034424,1015.7873
2023-02-08T06:00,14.2,9.5,249.0,,20.1,1.0,32.0,54.627655,6.6,0.0,96.0,7.7043357,322.59457,88.90064,1016.0578
2023-02-08T07:00,15.0,10.2,256.0,,21.5,1.0,28.0,54.237587,5.65,0.0,76.0,7.8954163,316.8476,92.30974,1016.2173
2023-02-08T08:00,16.4,11.1,265.0,,24.0,1.0,23.0,53.865253,4.85,0.0,0.0,7.7043357,307.40543,93.56834,1016.48145
2023-02-08T09:00,17.6,12.1,275.0,,26.2,1.1,18.0,53.581566,4.0,0.0,0.0,8.942214,310.10083,94.52233,1016.0511
2023-02-08T10:00,18.8,13.0,276.0,,25.9,1.2,18.0,53.40426,3.85,0.0,0.0,8.669949,318.36655,93.84941,1016.14386
2023-02-08T11:00,20.1,13.9,275.0,,24.6,1.2,19.0,53.324474,5.45,0.0,1.0,6.4096174,321.8427,89.42984,1016.01117
2023-02-08T12:00,20.1,13.9,280.0,,25.2,1.2,20.0,53.315605,5.35,0.0,0.0,5.495161,328.39255,92.61572,1016.40295
2023-02-08T13:00,20.1,13.9,281.0,,25.3,1.1,21.0,53.164894,2.4,0.0,23.0,3.4152596,71.564964,99.29115,1016.47943
2023-02-08T14:00,20.1,14.0,282.0,,25.3,1.1,23.0,53.031914,4.1,0.0,100.0,2.1897945,80.53775,98.952896,1016.6485
2023-02-08T15:00,20.4,14.2,280.0,,23.7,1.0,28.0,52.91667,2.65,0.0,100.0,1.8,90.0,100.0,1016.7864
2023-02-08T16:00,23.3,16.2,272.0,,20.3,1.0,34.0,52.810287,3.2,0.0,100.0,3.096837,54.46224,99.29573,1017.69916
2023-02-08T17:00,23.1,16.0,261.0,,15.6,1.0,41.0,52.792557,5.05,0.0,100.0,2.9024127,7.12493,100.0,1018.4673
2023-02-08T18:00,21.3,14.7,247.0,,10.3,1.2,50.0,52.810287,6.8,0.0,100.0,1.0182338,135.0001,97.95987,1018.6373
2023-02-08T19:00,22.2,15.3,239.0,,8.1,1.7,55.0,52.76596,9.85,0.0,71.0,3.319036,192.5288,87.072365,1018.3632
2023-02-08T20:00,23.5,16.2,231.0,,6.8,2.3,60.0,52.748226,11.9,0.0,1.0,3.7064266,240.94548,80.22419,1017.55316
2023-02-08T21:00,24.7,17.1,224.0,,5.7,2.9,65.0,52.739357,13.45,0.0,0.0,3.9763298,264.80566,72.23349,1016.6241
2023-02-08T22:00,25.6,17.7,218.0,,4.4,3.1,69.0,52.730495,14.5,0.0,0.0,5.2416787,285.94547,65.4513,1015.97156
2023-02-08T23:00,26.1,18.0,213.0,,3.2,3.2,73.0,52.765953,15.0,0.0,0.0,5.815978,291.80148,61.674316,1015.7928
2023-02-09T00:00,17.4,12.0,214.0,,4.8,2.8,71.0,52.828014,14.8,0.0,0.0,4.8965297,323.97253,55.596867,1015.58734
2023-02-09T01:00,18.7,12.9,232.0,,11.0,2.7,60.0,52.978725,12.7,0.0,83.0,6.4096174,308.15726,74.333015,1014.91345
2023-02-09T02:00,20.0,13.8,258.0,,19.9,2.6,45.0,53.15603,9.75,0.0,11.0,8.4963045,323.61554,78.28578,1014.8976
2023-02-09T03:00,20.5,14.2,289.0,,29.6,2.5,28.0,53.404255,7.75,0.0,0.0,10.24578,341.56494,87.77534,1015.31274
2023-02-09T04:00,20.4,14.1,305.0,,32.4,2.4,23.0,53.71454,6.9,0.0,0.0,10.086427,357.95462,90.16974,1015.5754
2023-02-09T05:00,20.3,14.0,317.0,,33.2,2.2,21.0,54.05142,6.65,0.0,0.0,8.427383,19.983198,89.838005,1015.6644
2023-02-09T06:00,21.0,14.5,331.0,,33.8,2.1,19.0,54.432625,8.55,0.0,0.0,4.6102495,38.65983,82.84827,1015.74036
2023-02-09T07:00,21.9,15.2,340.0,,34.8,2.1,17.0,54.875885,8.45,0.0,0.0,1.9386592,201.80147,83.122986,1015.835
2023-02-09T08:00,22.6,15.7,347.0,,35.6,2.2,16.0,55.31915,8.0,0.0,0.0,2.0364676,44.999897,85.70004,1016.0151
2023-02-09T09:00,23.2,16.1,351.0,,36.0,2.2,15.0,55.72696,6.1,0.0,0.0,4.379589,80.53775,90.74092,1015.8398
2023-02-09T10:00,23.7,16.5,348.0,,35.4,2.1,15.0,56.081562,4.3,0.0,0.0,6.519877,96.340096,94.53526,1015.7665
2023-02-09T11:00,23.5,16.4,342.0,,34.2,2.0,16.0,56.391846,3.5,0.0,0.0,7.208994,87.13766,95.8498,1015.33826
2023-02-09T12:00,19.0,13.3,344.0,,34.1,1.4,17.0,56.61348,3.95,0.0,4.0,5.3517847,70.346085,96.543144,1015.06
2023-02-09T13:00,17.6,12.3,340.0,,34.6,1.4,18.0,56.560284,3.85,0.0,7.0,4.829907,63.435013,95.52338,1014.75946
2023-02-09T14:00,17.6,12.3,334.0,,35.3,1.3,19.0,56.418438,2.9,0.0,3.0,4.510787,61.389645,96.514046,1014.91815
2023-02-09T15:00,17.8,12.4,322.0,,33.7,1.3,23.0,56.267727,2.3,0.0,0.0,7.208994,92.86235,96.84259,1015.1899
2023-02-09T16:00,19.4,13.6,309.0,,28.6,1.3,30.0,56.108154,4.3,0.0,0.0,6.4096174,128.15727,93.87111,1015.4699
2023-02-09T17:00,20.8,14.5,293.0,,21.3,1.4,39.0,55.877655,7.6,0.0,0.0,3.396233,57.99466,87.7616,1015.50464
2023-02-09T18:00,22.1,15.3,273.0,,13.1,1.6,51.0,55.74468,10.6,0.0,0.0,3.396233,57.99466,76.81781,1015.7221
2023-02-09T19:00,22.9,15.9,262.0,,9.7,1.9,59.0,55.79787,12.7,0.0,0.0,2.3051248,38.65983,68.260895,1015.60583
2023-02-09T20:00,23.3,16.2,252.0,,7.6,2.2,66.0,55.85106,14.2,0.0,0.0,0.71999997,360.0,64.062325,1015.16895
2023-02-09T21:00,24.1,16.7,241.0,,5.9,2.5,75.0,55.851067,15.45,0.0,0.0,0.8049845,63.435013,56.534885,1014.6228
2023-02-09T22:00,24.3,16.9,229.0,,3.9,2.5,82.0,55.8156,16.35,0.0,0.0,1.08,90.0,50.169075,1014.063
2023-02-09T23:00,23.3,16.2,217.0,,2.1,2.3,89.0,55.74468,16.8,0.0,0.0,0.35999998,180.0,47.58808,1013.6841
2023-02-10T00:00,18.2,12.7,218.0,,4.5,1.9,91.0,55.58511,16.5,0.0,0.0,2.968636,255.96373,50.732056,1012.98047
2023-02-10T01:00,21.1,14.6,252.0,,15.6,1.9,75.0,55.647163,14.15,0.0,30.0,6.763786,244.7989,72.60643,1012.7929
2023-02-10T02:00,24.4,17.0,301.0,,31.3,2.0,52.0,55.797874,11.5,0.0,2.0,8.587338,303.02386,75.659935,1012.9875
2023-02-10T03:00,26.8,18.6,355.0,,46.9,2.0,27.0,56.081562,9.7,0.0,3.0,10.495713,329.03632,84.7128,1013.21405
2023-02-10T04:00,27.8,19.4,375.0,,49.1,1.9,20.0,56.471634,9.5,0.0,0.0,7.5942073,354.55975,85.27221,1013.10754
2023-02-10T05:00,27.9,19.5,384.0,,46.7,1.7,18.0,56.94149,8.35,0.0,0.0,7.5942073,354.55975,89.660034,1013.25977
2023-02-10T06:00,26.8,18.7,384.0,,42.6,1.5,18.0,57.42908,7.25,0.0,0.0,8.373386,25.463305,93.04379,1013.3148
2023-02-10T07:00,24.3,17.0,372.0,,41.0,1.4,16.0,57.80142,7.4,0.0,0.0,7.491114,35.217674,91.77786,1013.6175
2023-02-10T08:00,21.8,15.2,352.0,,39.2,1.2,16.0,57.960995,9.6,0.0,0.0,3.9763298,354.80566,85.575035,1013.408
2023-02-10T09:00,20.3,14.2,322.0,,35.7,1.1,16.0,57.916664,9.65,0.0,0.0,4.1046314,285.25516,86.46139,1013.21216
2023-02-10T10:00,19.2,13.4,298.0,,31.4,1.0,19.0,57.74823,7.2,0.0,0.0,4.802999,77.00539,94.00826,1012.9173
2023-02-10T11:00,17.3,12.1,272.0,,26.1,0.9,23.0,57.473408,5.45,0.0,0.0,8.287822,87.5105,93.92605,1012.55
2023-02-10T12:00,15.0,10.5,258.0,,21.7,0.8,27.0,57.0922,4.5,0.0,0.0,6.489992,93.17977,93.88071,1012.11597
2023-02-10T13:00,14.5,10.1,255.0,,21.7,0.8,26.0,56.84397,3.3,0.0,0.0,7.6367526,81.86999,95.84319,1011.86926
2023-02-10T14:00,13.7,9.6,251.0,,21.8,0.7,26.0,56.64894,3.15,0.0,0.0,5.3517847,109.653915,97.553276,1011.56635
2023-02-10T15:00,14.0,9.8,247.0,,20.7,0.7,28.0,56.40958,2.8,0.0,100.0,5.495161,121.60746,99.29346,1011.74976
2023-02-10T16:00,15.9,11.1,246.0,,18.4,0.7,34.0,56.179077,4.75,0.0,100.0,8.669949,94.76356,98.61327,1011.7305
2023-02-10T17:00,19.8,13.9,247.0,,15.2,0.6,42.0,55.957447,8.4,0.0,99.0,9.605998,102.99462,92.470955,1011.5803
2023-02-10T18:00,21.2,14.8,246.0,,11.3,0.6,53.0,55.90426,12.2,0.0,100.0,6.1305785,130.23628,82.458725,1011.13544
2023-02-10T19:00,24.6,17.2,244.0,,9.2,0.7,61.0,55.85993,14.8,0.0,100.0,5.991594,147.26479,70.80062,1010.7399
2023-02-10T20:00,26.9,18.7,241.0,,7.5,0.8,68.0,55.975174,16.55,0.0,100.0,6.6087217,150.64235,62.664413,1009.6186
2023-02-10T21:00,27.5,19.1,236.0,,6.2,1.0,76.0,56.196808,17.9,0.0,100.0,8.435069,140.19447,51.9869,1008.6794
2023-02-10T22:00,26.3,18.2,226.0,,5.4,1.0,80.0,56.409573,18.8,0.0,100.0,7.928177,129.47243,44.49413,1007.8221
2023-02-10T23:00,25.1,17.5,213.0,,5.2,1.0,82.0,56.524826,19.0,0.0,100.0,5.6002855,135.0001,43.340878,1007.0378
2023-02-11T00:00,21.9,15.2,212.0,,6.7,0.9,76.0,56.640076,18.1,0.0,100.0,0.71999997,270.0,40.60771,1006.1142
2023-02-11T01:00,23.9,16.6,249.0,,17.9,1.0,61.0,56.861706,15.3,0.0,100.0,8.404285,313.26434,59.88129,1005.9113
2023-02-11T02:00,26.5,18.4,301.0,,33.7,1.1,41.0,57.03901,13.6,0.0,100.0,12.599998,323.13,67.75043,1006.14404
2023-02-11T03:00,28.6,19.9,342.0,,46.2,1.3,23.0,57.163124,12.3,0.0,100.0,12.218805,315.0001,74.7702,1006.4901
2023-02-11T04:00,26.8,18.7,325.0,,40.9,1.5,26.0,57.27837,11.35,0.0,100.0,14.021525,311.87778,77.46494,1006.6513
2023-02-11T05:00,21.6,14.9,283.0,,28.2,1.7,38.0,57.21631,10.6,0.0,98.0,19.171478,304.28693,76.81781,1007.11676
2023-02-11T06:00,17.5,11.8,232.0,,13.4,1.9,52.0,56.808506,9.8,0.0,100.0,21.203358,310.17917,75.897,1007.3825
2023-02-11T07:00,14.8,10.0,211.0,,9.1,2.0,57.0,56.196808,9.05,0.0,47.0,19.09358,315.7638,77.368706,1007.35315
2023-02-11T08:00,13.0,8.6,196.0,,7.3,1.9,59.0,55.576237,8.7,0.0,40.0,16.92383,321.91116,77.85325,1007.33923
2023-02-11T09:00,11.1,7.3,182.0,,6.0,1.8,61.0,54.99113,8.65,0.0,100.0,16.80857,313.26434,78.38911,1007.4362
2023-02-11T10:00,10.2,6.7,175.0,,4.7,1.5,62.0,54.379433,8.8,0.0,100.0,18.35647,311.82007,73.128006,1007.3433
2023-02-11T11:00,8.0,5.2,172.0,,3.9,1.1,61.0,53.78546,8.55,0.0,85.0,16.363178,309.64413,70.55676,1007.03687
2023-02-11T12:00,5.1,3.2,175.0,,4.1,0.8,59.0,53.173756,7.55,0.0,61.0,10.483357,285.94547,76.58834,1006.1072
2023-02-11T13:00,4.7,3.0,183.0,,6.0,0.8,54.0,52.526592,6.15,0.0,21.0,7.0911775,293.9625,83.129425,1005.4579
2023-02-11T14:00,4.9,3.3,195.0,,8.6,0.8,48.0,51.897163,4.3,0.0,2.0,8.891343,328.24057,90.291504,1005.18567
2023-02-11T15:00,6.8,4.5,205.0,,10.8,0.8,43.0,51.338654,3.6,0.0,0.0,9.114471,9.090207,91.20799,1004.9594
2023-02-11T16:00,8.7,5.8,203.0,,10.2,0.9,45.0,50.86879,6.2,0.0,0.0,3.671294,11.3098955,84.31426,1004.8667
2023-02-11T17:00,8.3,5.4,197.0,,8.4,1.0,50.0,50.398933,8.35,0.0,0.0,3.319036,40.601215,75.91851,1004.4574
2023-02-11T18:00,7.6,4.8,187.0,,6.1,1.1,58.0,49.30555,10.0,0.0,0.0,4.3498964,65.55606,65.59399,1003.63153
2023-02-11T19:00,7.0,4.4,180.0,,5.0,1.1,65.0,47.56944,11.15,0.0,2.0,3.396233,147.99466,59.488834,1003.1817
2023-02-11T20:00,6.8,4.2,172.0,,4.0,1.1,74.0,45.347218,12.2,0.0,4.0,5.0528407,184.08554,54.72733,1002.03503
2023-02-11T21:00,6.6,4.1,164.0,,3.1,1.0,82.0,42.82986,12.95,0.0,1.0,4.3498964,204.44394,50.649204,1001.27203
2023-02-11T22:00,6.6,4.1,159.0,,2.4,1.0,85.0,40.225693,13.35,0.0,0.0,1.1384199,161.56496,46.287518,1000.5949
2023-02-11T23:00,6.6,4.1,156.0,,1.9,1.0,86.0,37.77778,13.6,0.0,0.0,2.8116899,50.194473,42.699234,1000.2087
2023-02-12T00:00,15.2,9.5,160.0,,3.0,0.9,84.0,35.451393,12.9,0.0,2.0,2.4149535,116.56499,41.283066,1000.5777
2023-02-12T01:00,14.4,9.2,176.0,,8.1,0.9,75.0,34.461807,11.7,0.0,7.0,3.8939953,326.3099,66.19652,1000.8289
2023-02-12T02:00,15.9,10.4,198.0,,15.3,1.0,63.0,35.30844,8.6,0.0,14.0,8.0899935,327.72437,62.55012,1001.10455
2023-02-12T03:00,15.8,10.4,225.0,,22.9,1.0,50.0,35.598328,6.9,0.0,16.0,7.6367526,315.0001,71.49221,1001.33417
2023-02-12T04:00,17.3,11.4,239.0,,25.2,1.0,46.0,34.728664,6.4,0.0,18.0,8.161764,311.42358,68.38674,1001.4133
2023-02-12T05:00,19.2,12.7,251.0,,25.9,1.0,44.0,33.105286,5.55,0.0,86.0,7.7043357,307.40543,73.30874,1002.26935
2023-02-12T06:00,19.7,13.0,256.0,,24.8,1.0,43.0,30.902136,5.8,0.0,100.0,8.373386,295.46332,78.22536,1002.675
2023-02-12T07:00,18.3,12.3,245.0,,22.0,0.9,43.0,28.697914,6.2,0.0,99.0,10.00256,300.25635,80.536835,1002.59216
2023-02-12T08:00,18.0,12.1,227.0,,17.7,0.9,43.0,29.09722,5.35,0.3,97.0,9.255571,283.49576,86.93718,1003.34924
2023-02-12T09:00,16.8,11.3,206.0,,13.0,0.8,44.0,29.704863,5.65,0.4,98.0,9.3876505,274.39862,89.445946,1003.3613
2023-02-12T10:00,16.1,10.8,200.0,,11.2,0.8,45.0,30.399307,5.65,0.0,71.0,6.849467,273.01273,92.95703,1003.7569
2023-02-12T11:00,16.7,11.3,198.0,,10.2,0.9,47.0,31.111113,4.3,0.0,0.0,6.439876,296.56497,96.21388,1003.999
2023-02-12T12:00,15.9,10.7,185.0,,7.5,0.9,47.0,32.170143,5.15,0.0,13.0,9.1641035,315.0001,95.90372,1003.93445
2023-02-12T13:00,16.3,11.0,195.0,,10.0,0.9,45.0,33.472225,4.1,0.0,3.0,6.8777895,317.1211,97.91549,1003.49664
2023-02-12T14:00,16.6,11.3,209.0,,13.4,0.9,43.0,34.86111,3.55,0.0,2.0,6.989936,325.4914,97.90628,1003.5732
2023-02-12T15:00,18.3,12.5,220.0,,15.9,1.0,43.0,36.25,2.7,0.0,2.0,7.5942082,301.4295,97.198006,1003.934
2023-02-12T16:00,21.8,14.9,214.0,,14.1,1.0,47.0,37.63889,5.55,0.0,19.0,9.511088,299.4758,91.98139,1004.1483
2023-02-12T17:00,19.4,13.2,201.0,,10.5,1.1,54.0,39.21875,7.75,0.0,43.0,4.5536795,288.43503,85.08126,1004.53265
2023-02-12T18:00,15.5,10.5,184.0,,6.2,1.2,63.0,40.572918,9.9,0.0,64.0,2.7416782,246.80138,78.03931,1004.8147
2023-02-12T19:00,14.5,9.8,176.0,,4.6,1.3,68.0,41.562496,11.6,0.0,88.0,2.0991426,239.0363,71.15108,1004.68286
2023-02-12T20:00,14.3,9.7,170.0,,3.7,1.5,72.0,42.5,12.95,0.0,97.0,3.319036,229.39879,66.694664,1003.84393
2023-02-12T21:00,14.7,10.0,165.0,,3.1,1.6,76.0,43.45486,13.8,0.0,96.0,2.8116899,219.80553,62.670254,1002.6893
2023-02-12T22:00,15.5,10.6,161.0,,2.3,1.6,78.0,44.479168,14.25,0.0,100.0,1.609969,206.56499,60.038197,1002.31067
2023-02-12T23:00,16.3,11.1,159.0,,1.6,1.6,80.0,45.607635,14.25,0.0,100.0,1.1384199,71.564964,59.626778,1001.81604
2023-02-13T00:00,8.2,5.5,171.0,,3.6,1.6,75.0,46.822918,14.5,0.0,84.0,0.8049845,296.56497,55.71197,1002.22076
2023-02-13T01:00,9.8,6.7,184.0,,8.3,1.6,66.0,46.128475,13.2,0.0,64.0,4.1046314,15.255177,74.419785,1001.7763
2023-02-13T02:00,11.4,7.8,204.0,,14.9,1.6,54.0,45.694447,9.45,0.0,21.0,8.225035,66.80139,80.43064,1001.7312
2023-02-13T03:00,12.4,8.5,233.0,,23.1,1.6,40.0,45.243057,8.25,0.0,0.0,4.6938252,85.60138,84.2575,1001.68396
2023-02-13T04:00,14.2,9.7,262.0,,28.1,1.6,33.0,44.913197,6.9,0.0,0.0,6.924738,98.97255,89.54587,1001.532
2023-02-13T05:00,15.9,10.9,294.0,,32.7,1.6,27.0,44.618053,6.7,0.0,0.0,7.9932976,97.76508,89.21904,1001.82086
2023-02-13T06:00,15.5,10.7,316.0,,35.1,1.5,24.0,44.305553,5.9,0.0,0.0,11.183201,123.17853,90.09444,1001.88794
2023-02-13T07:00,13.6,9.3,301.0,,32.2,1.4,28.0,43.90625,5.2,0.0,37.0,10.691453,135.0001,91.3162,1001.95886
2023-02-13T08:00,12.7,8.7,269.0,,26.5,1.3,37.0,43.385418,4.7,0.0,3.0,8.557102,104.62092,92.57832,1001.8398
2023-02-13T09:00,12.1,8.2,229.0,,19.1,1.1,48.0,42.795135,4.4,0.0,0.0,7.6367526,98.13002,92.56096,1001.53094
2023-02-13T10:00,11.9,8.1,210.0,,15.0,1.0,55.0,42.256943,3.7,0.0,0.0,8.766573,109.17911,93.51011,1001.3048
2023-02-13T11:00,12.1,8.2,194.0,,11.3,1.0,61.0,41.788193,3.05,0.0,0.0,9.531505,100.88548,94.81794,1000.88293
2023-02-13T12:00,15.1,10.4,216.0,,14.4,1.0,64.0,41.25,3.55,0.0,0.0,8.647496,92.385895,93.17108,1000.50775
2023-02-13T13:00,16.2,11.1,224.0,,16.4,1.0,61.0,41.19791,3.2,0.0,0.0,8.287822,87.5105,94.15221,1000.4936
2023-02-13T14:00,18.0,12.4,236.0,,19.2,1.1,57.0,41.215275,3.85,0.0,0.0,7.42159,104.03627,89.2996,1001.11334
2023-02-13T15:00,19.6,13.5,243.0,,20.6,1.1,54.0,41.406246,2.7,0.0,0.0,7.2359104,84.2895,93.12533,1001.85754
2023-02-13T16:00,19.2,13.2,233.0,,17.9,1.1,57.0,41.579857,5.5,0.0,0.0,12.371645,98.3658,84.83042,1002.4653
2023-02-13T17:00,18.9,13.0,215.0,,13.3,1.0,63.0,41.284718,8.5,0.0,0.0,4.5820518,135.0001,77.281204,1002.97986
2023-02-13T18:00,16.9,11.6,196.0,,8.0,1.1,71.0,41.249992,11.15,0.0,5.0,7.172949,162.47433,67.70386,1002.68713
2023-02-13T19:00,17.5,11.9,193.0,,6.0,1.4,76.0,41.44097,13.0,0.0,18.0,8.891344,158.62932,62.484653,1002.36206
2023-02-13T20:00,19.4,13.2,195.0,,4.9,1.7,80.0,41.805553,14.4,0.0,0.0,9.028754,156.50142,59.051167,1001.32697
2023-02-13T21:00,21.5,14.7,198.0,,4.0,2.1,85.0,42.41319,15.35,0.0,0.0,4.73506,188.74608,57.290127,1000.67
2023-02-13T22:00,22.9,15.7,195.0,,2.8,2.1,89.0,43.229164,16.0,0.0,0.0,0.5091169,44.999897,55.713768,1000.4963
2023-02-13T23:00,23.8,16.3,192.0,,1.6,2.0,93.0,44.11458,16.2,0.0,0.0,4.5536795,71.564964,55.764946,1000.5035
2023-02-14T00:00,12.7,8.6,207.0,,3.1,1.8,92.0,45.017353,16.55,0.0,0.0,3.6,90.0,51.98246,1000.61566
2023-02-14T01:00,13.4,9.1,224.0,,9.0,1.8,82.0,45.555546,14.5,0.0,0.0,5.8048253,82.875084,65.897156,1000.34125
2023-02-14T02:00,14.5,9.9,247.0,,17.3,1.8,67.0,45.972218,10.45,0.0,0.0,10.30883,65.22488,78.12385,1000.484
2023-02-14T03:00,16.0,10.9,273.0,,25.6,1.7,51.0,46.336807,12.55,0.0,22.0,5.3517847,70.346085,63.03131,1000.4656
2023-02-14T04:00,15.7,10.7,280.0,,26.5,1.6,48.0,46.753468,9.8,0.0,69.0,6.3690495,47.290634,73.821526,1000.5578
2023-02-14T05:00,14.8,10.1,281.0,,24.9,1.4,48.0,46.927086,7.95,0.0,100.0,10.464797,63.435013,81.91416,1000.6834
2023-02-14T06:00,15.1,10.3,283.0,,23.0,1.3,48.0,46.788197,10.2,0.0,100.0,5.6002855,44.999897,70.88036,1001.16675
2023-02-14T07:00,16.4,11.2,291.0,,24.0,1.3,44.0,46.718742,8.15,0.0,100.0,6.989936,325.4914,83.08607,1001.7792
2023-02-14T08:00,17.4,12.0,300.0,,25.8,1.3,39.0,47.048615,9.35,0.0,100.0,11.988594,311.3477,80.97311,1002.5183
2023-02-14T09:00,17.2,11.8,301.0,,25.8,1.3,36.0,47.621532,8.65,0.0,100.0,13.044722,309.40063,81.43973,1002.491
2023-02-14T10:00,16.7,11.4,285.0,,21.9,1.2,39.0,48.246525,8.35,0.0,77.0,15.124284,308.23386,78.89124,1002.77606
2023-02-14T11:00,16.0,10.8,260.0,,16.0,1.0,45.0,48.819443,7.6,0.0,79.0,13.202726,295.8663,78.50272,1002.6476
2023-02-14T12:00,24.2,15.9,217.0,,7.7,1.2,55.0,49.270832,7.85,0.0,100.0,16.75064,298.21725,65.113655,1002.8551
2023-02-14T13:00,20.7,13.6,211.0,,7.3,1.2,56.0,50.115246,7.55,0.0,100.0,19.376562,305.1665,49.871822,1003.338
2023-02-14T14:00,20.5,13.5,201.0,,6.8,1.2,57.0,50.33688,7.35,0.0,95.0,21.26744,303.9591,47.29327,1003.5279
2023-02-14T15:00,17.7,11.7,191.0,,6.0,1.2,59.0,50.4344,6.3,0.0,86.0,22.771244,309.22565,50.07444,1003.98047
2023-02-14T16:00,18.0,11.9,188.0,,5.4,1.3,59.0,50.274826,6.6,0.0,100.0,23.113008,307.40543,51.671455,1004.0913
2023-02-14T17:00,16.6,11.0,187.0,,4.6,1.3,58.0,50.159573,7.35,0.0,82.0,27.257967,303.6901,51.309395,1004.5169
2023-02-14T18:00,13.6,8.9,184.0,,3.7,1.4,59.0,49.965275,8.2,0.0,0.0,30.758411,302.57404,47.013878,1004.2536
2023-02-14T19:00,10.9,7.2,176.0,,2.9,1.3,64.0,49.49653,9.3,0.0,0.0,27.871534,305.53775,46.984444,1004.1979
2023-02-14T20:00,8.9,5.9,167.0,,2.1,1.2,70.0,48.680557,10.25,0.0,0.0,26.826641,310.10083,43.283905,1003.2457
2023-02-14T21:00,8.0,5.4,157.0,,1.5,1.1,77.0,47.413193,11.15,0.0,0.0,28.312117,311.39142,37.169674,1002.0936
2023-02-14T22:00,8.0,5.4,156.0,,1.7,1.2,79.0,45.798603,11.75,0.0,1.0,31.602175,312.22974,30.984592,1001.5232
2023-02-14T23:00,8.1,5.5,158.0,,2.3,1.5,79.0,44.010414,11.35,0.0,96.0,33.127823,312.3574,30.749844,1001.11206
2023-02-15T00:00,10.4,6.5,151.0,,3.1,1.5,81.0,42.135414,10.4,0.0,99.0,27.295977,311.25693,27.787086,1001.8669
2023-02-15T01:00,9.9,6.3,154.0,,3.9,1.6,79.0,41.77083,9.25,0.0,98.0,20.466246,309.28937,34.058228,1001.82227
2023-02-15T02:00,9.7,6.2,158.0,,5.1,1.8,76.0,41.284718,7.9,0.0,41.0,18.218275,307.77576,40.40587,1002.264
2023-02-15T03:00,8.8,5.8,164.0,,6.5,1.9,72.0,40.642357,6.4,0.0,0.0,16.179987,302.27563,52.387268,1002.6001
2023-02-15T04:00,8.5,5.7,168.0,,6.9,1.9,68.0,39.75694,5.4,0.0,0.0,12.397806,295.82092,62.23779,1003.05444
2023-02-15T05:00,8.7,5.9,172.0,,7.1,1.7,65.0,38.888885,5.05,0.0,0.0,14.386494,301.7014,63.304527,1003.73267
2023-02-15T06:00,9.2,6.2,177.0,,7.5,1.6,60.0,38.159718,4.7,0.0,0.0,13.281023,302.82855,65.58473,1004.11426
2023-02-15T07:00,9.8,6.7,181.0,,8.3,1.5,57.0,37.44791,3.8,0.0,0.0,10.464797,319.18503,67.33566,1004.6711
2023-02-15T08:00,10.5,7.1,185.0,,9.3,1.5,55.0,36.66666,2.9,0.0,0.0,9.504272,307.30402,70.44198,1005.2278
2023-02-15T09:00,11.6,7.9,191.0,,10.4,1.4,53.0,35.815968,2.15,0.0,0.0,9.422101,313.4519,74.29665,1005.889
2023-02-15T10:00,12.5,8.5,194.0,,10.5,1.4,53.0,35.138885,0.2,0.0,0.0,8.287822,325.6196,85.151924,1006.698
2023-02-15T11:00,13.1,8.9,197.0,,10.3,1.5,54.0,34.635414,-0.55,0.0,0.0,7.928177,320.52756,87.62469,1007.55646
2023-02-15T12:00,8.3,5.6,173.0,,5.2,1.1,67.0,34.305553,0.8,0.0,0.0,6.792466,327.99466,73.49982,1008.206
2023-02-15T13:00,8.3,5.6,180.0,,7.0,1.1,66.0,32.517357,-0.15,0.0,0.0,6.151683,290.55612,74.991585,1008.463
2023-02-15T14:00,8.6,5.9,189.0,,9.5,1.1,65.0,31.128471,1.45,0.0,0.0,4.198285,300.96368,62.913635,1009.61743
2023-02-15T15:00,9.6,6.6,197.0,,11.3,1.1,65.0,29.809029,-0.9,0.0,0.0,6.849467,266.98727,74.856705,1010.60645
2023-02-15T16:00,12.0,8.3,195.0,,10.0,1.1,66.0,28.923613,1.65,0.0,0.0,5.8048253,277.1249,68.37878,1011.7021
2023-02-15T17:00,10.2,7.0,188.0,,7.3,1.2,67.0,28.351112,4.05,0.0,0.0,4.452954,284.03625,59.87678,1012.29535
2023-02-15T18:00,9.9,6.8,179.0,,4.2,1.2,70.0,29.162804,6.1,0.0,0.0,3.2599385,263.6599,56.11451,1013.0708
2023-02-15T19:00,9.4,6.4,173.0,,3.1,1.2,74.0,30.148422,7.95,0.0,0.0,3.8773184,201.80147,53.396362,1013.8373
2023-02-15T20:00,8.9,6.1,167.0,,2.4,1.1,79.0,31.307978,9.6,0.0,0.0,7.928178,177.39749,48.290543,1013.5069
2023-02-15T21:00,8.6,6.0,161.0,,2.0,1.1,84.0,32.00371,10.7,0.0,0.0,9.9571085,167.4712,43.73487,1013.0556
2023-02-15T22:00,8.7,6.0,156.0,,0.8,1.1,87.0,33.04731,11.3,0.0,0.0,9.47012,171.25392,42.646736,1012.4853
2023-02-15T23:00,8.6,5.9,153.0,,0.0,1.1,89.0,34.32282,11.5,0.0,0.0,7.2805495,188.53069,40.871517,1012.4929
2023-02-16T00:00,11.7,8.1,196.0,,3.9,1.2,85.0,35.714283,11.05,0.0,0.0,4.8965297,233.97253,40.8888,1012.87115
2023-02-16T01:00,14.9,10.4,220.0,,10.8,1.3,74.0,36.81586,9.7,0.0,0.0,3.7585104,253.30067,57.46406,1013.0162
2023-02-16T02:00,21.4,15.0,255.0,,20.7,1.4,59.0,37.22171,7.5,0.0,0.0,5.2416787,285.94547,50.413174,1013.5228
2023-02-16T03:00,26.5,18.5,303.0,,32.3,1.6,41.0,36.58395,5.5,0.0,0.0,7.5942073,5.4402504,60.684513,1014.03564
2023-02-16T04:00,31.5,22.1,341.0,,38.1,1.7,32.0,34.670685,3.65,0.0,0.0,10.97262,41.00899,70.07815,1014.1579
2023-02-16T05:00,35.0,24.5,381.0,,42.5,1.7,25.0,34.982635,2.75,0.0,0.0,11.212135,42.397392,72.25097,1014.4173
2023-02-16T06:00,36.0,25.1,413.0,,45.1,1.7,20.0,38.211807,2.75,0.0,0.0,8.669949,41.63345,71.194725,1014.71387
2023-02-16T07:00,35.5,24.8,408.0,,43.7,1.7,22.0,41.493057,2.35,0.0,0.0,5.937272,75.96373,73.78782,1015.1918
2023-02-16T08:00,35.2,24.6,387.0,,39.9,1.6,27.0,44.635418,0.5,0.0,0.0,8.28,90.0,84.56133,1015.60895
2023-02-16T09:00,35.0,24.5,354.0,,33.6,1.5,35.0,47.67361,0.75,0.0,0.0,8.647496,87.614105,81.23379,1015.4218
2023-02-16T10:00,34.2,24.0,330.0,,27.6,1.4,42.0,50.283688,0.05,0.0,0.0,8.39657,120.96369,79.939415,1014.89777
2023-02-16T11:00,33.5,23.4,304.0,,20.7,1.4,50.0,51.657803,-0.85,0.0,0.0,10.315115,119.24873,85.667046,1014.26666
2023-02-16T12:00,33.2,23.2,234.0,,8.1,1.0,81.0,52.943264,-0.4,0.0,0.0,5.0528407,85.91447,87.31596,1014.58234
2023-02-16T13:00,32.2,22.5,237.0,,10.0,1.0,79.0,54.503548,-1.1,0.0,0.0,5.95906,64.98315,87.5718,1014.8494
2023-02-16T14:00,31.9,22.3,242.0,,12.6,1.1,76.0,56.001778,-1.6,0.0,100.0,7.5170207,73.300674,84.62905,1014.828
2023-02-16T15:00,31.1,21.8,244.0,,14.6,1.1,74.0,57.45567,-1.4,0.0,100.0,6.4799995,90.0,80.93076,1015.03394
2023-02-16T16:00,31.4,21.9,241.0,,13.7,1.0,74.0,58.803196,1.55,0.0,100.0,8.473393,102.26476,69.645325,1015.4553
2023-02-16T17:00,34.6,24.2,235.0,,11.6,1.0,76.0,60.008865,5.35,0.0,100.0,6.489992,123.6901,66.93807,1015.5129
2023-02-16T18:00,29.1,20.3,224.0,,8.8,0.9,79.0,61.53369,8.35,0.0,100.0,5.771239,176.42374,59.857807,1015.73236
2023-02-16T19:00,21.8,15.2,212.0,,7.1,1.0,82.0,62.730495,10.45,0.0,100.0,6.130579,176.6336,51.604794,1015.7163
2023-02-16T20:00,19.3,13.4,199.0,,5.5,1.1,85.0,63.51064,12.0,0.0,100.0,5.95906,154.98314,46.2339,1015.0841
2023-02-16T21:00,20.0,13.9,185.0,,4.1,1.2,88.0,64.1578,13.35,0.0,100.0,7.928177,140.52757,39.22458,1014.2462
2023-02-16T22:00,21.4,14.8,178.0,,3.2,1.2,90.0,64.858154,14.15,0.0,100.0,7.491114,144.78232,34.617733,1013.28754
2023-02-16T23:00,22.1,15.4,175.0,,2.7,1.1,92.0,65.63829,14.35,0.0,100.0,6.151683,159.44388,32.459267,1012.60254
2023-02-17T00:00,31.5,21.8,193.0,,9.4,1.2,81.0,66.48049,13.8,0.0,100.0,6.6185193,157.61983,32.65822,1011.69135
2023-02-17T01:00,39.8,27.6,224.0,,18.6,1.3,68.0,67.69503,11.35,0.0,100.0,7.42159,157.1663,59.53816,1011.1024
2023-02-17T02:00,43.5,30.3,269.0,,31.7,1.5,49.0,69.21985,8.65,0.0,100.0,9.826088,151.55717,56.57827,1010.8979
2023-02-17T03:00,45.1,31.3,320.0,,45.0,1.7,29.0,70.57624,7.05,0.0,99.0,9.339208,117.552734,61.065636,1011.03217
2023-02-17T04:00,46.4,32.2,343.0,,48.0,1.7,24.0,71.71099,5.75,0.0,99.0,8.287822,87.5105,65.10758,1010.8812
2023-02-17T05:00,46.4,32.4,360.0,,47.6,1.7,23.0,72.60638,4.85,0.0,100.0,10.538843,82.14678,72.65193,1010.647
2023-02-17T06:00,45.3,31.5,367.0,,44.2,1.6,26.0,73.30673,4.2,0.0,100.0,10.464798,86.05489,76.028625,1010.9173
2023-02-17T07:00,43.1,30.0,355.0,,39.4,1.5,30.0,73.874115,3.7,0.0,100.0,8.4042845,80.13426,76.21961,1010.7978
2023-02-17T08:00,39.7,27.6,333.0,,32.7,1.4,37.0,74.335106,3.25,0.0,100.0,7.342588,78.6901,77.82365,1010.9771
2023-02-17T09:00,36.7,25.5,304.0,,24.4,1.2,44.0,74.60106,2.6,0.0,100.0,4.896529,72.89719,78.86258,1010.75275
2023-02-17T10:00,34.1,23.7,289.0,,19.8,1.1,47.0,74.68971,2.8,0.0,100.0,3.96,90.0,74.687485,1010.3654
2023-02-17T11:00,31.5,21.9,276.0,,15.8,1.1,49.0,74.66312,1.85,0.0,100.0,4.73506,81.25392,79.91042,1009.93066
2023-02-17T12:00,30.4,21.1,259.0,,11.8,1.0,57.0,74.53014,1.65,0.0,100.0,3.0758414,69.44387,81.358574,1009.23016
2023-02-17T13:00,28.1,19.5,260.0,,13.0,1.0,58.0,74.34396,0.55,0.0,99.0,2.5959969,56.309914,83.638435,1008.888
2023-02-17T14:00,30.7,21.4,262.0,,14.7,1.0,59.0,74.07801,0.6,0.0,93.0,3.8939953,56.3099,82.11732,1008.59326
2023-02-17T15:00,31.9,22.2,266.0,,16.0,1.0,61.0,73.99822,-0.6,0.0,100.0,5.1919937,56.309914,88.92472,1008.8395
2023-02-17T16:00,31.4,21.9,272.0,,15.4,1.0,62.0,74.03369,2.25,0.0,100.0,2.9024127,29.744795,80.55512,1009.25494
2023-02-17T17:00,34.3,23.9,280.0,,13.9,1.1,62.0,74.0337,6.85,0.0,100.0,3.8939953,303.6901,66.304276,1009.3429
2023-02-17T18:00,47.4,32.9,281.0,,11.5,1.1,64.0,74.007095,9.85,0.0,100.0,7.24486,296.56497,52.56682,1009.36255
2023-02-17T19:00,48.3,33.5,269.0,,9.2,1.1,69.0,75.12412,11.85,0.0,100.0,9.565437,289.79895,46.190956,1009.0446
2023-02-17T20:00,47.4,32.8,250.0,,6.6,1.2,76.0,76.74646,13.4,0.0,100.0,10.829958,291.4478,38.672905,1008.8073
2023-02-17T21:00,44.4,30.7,227.0,,4.1,1.2,82.0,78.46631,14.3,0.0,100.0,10.1887,302.00534,34.66192,1008.0501
2023-02-17T22:00,40.7,28.2,214.0,,3.3,1.2,84.0,79.95567,14.9,0.0,100.0,9.220499,308.65982,32.74035,1007.38007
2023-02-17T23:00,38.2,26.4,204.0,,3.2,1.1,84.0,81.14362,15.05,0.0,100.0,9.793059,306.02747,31.719435,1006.99005
2023-02-18T00:00,17.0,11.6,168.0,,3.4,0.9,85.0,82.1188,14.8,0.0,92.0,11.183201,303.17853,29.280941,1006.09033
2023-02-18T01:00,17.3,11.8,174.0,,6.0,0.9,77.0,81.21455,12.3,0.0,58.0,6.638072,310.60123,48.01083,1006.0944
2023-02-18T02:00,16.9,11.6,183.0,,9.8,1.0,66.0,79.813835,7.8,0.0,68.0,12.496718,311.49637,56.767456,1006.11694
2023-02-18T03:00,16.8,11.6,200.0,,14.8,1.1,53.0,78.15602,6.25,0.0,73.0,12.313894,322.12497,65.694756,1006.54987
2023-02-18T04:00,17.6,12.1,218.0,,18.2,1.1,46.0,76.40957,5.6,0.0,0.0,10.495713,329.03632,67.97105,1006.524
2023-02-18T05:00,19.5,13.4,239.0,,21.5,1.2,41.0,74.62765,4.35,0.0,0.0,12.496718,318.50363,72.82103,1006.96783
2023-02-18T06:00,21.8,15.0,264.0,,25.3,1.2,36.0,72.94326,3.9,0.0,4.0,11.480557,318.81418,75.70264,1007.0484
2023-02-18T07:00,23.3,16.1,278.0,,27.8,1.2,32.0,71.48049,3.3,0.0,7.0,10.97262,311.009,80.4129,1007.3207
2023-02-18T08:00,23.9,16.6,288.0,,29.9,1.3,29.0,70.24822,2.45,0.0,3.0,12.031756,308.92755,84.17494,1007.58215
2023-02-18T09:00,24.4,16.9,293.0,,30.6,1.3,29.0,69.27305,2.15,0.0,9.0,11.165805,339.22766,84.44546,1007.7677
2023-02-18T10:00,24.7,17.2,285.0,,28.2,1.3,34.0,68.51064,1.8,0.0,1.0,9.0,16.26028,86.26702,1007.8523
2023-02-18T11:00,24.8,17.2,269.0,,24.0,1.2,41.0,67.934395,0.8,0.0,1.0,9.983106,25.640957,90.353195,1007.8105
2023-02-18T12:00,21.6,15.0,239.0,,15.6,0.9,52.0,67.51773,2.9,0.0,17.0,5.7599998,360.0,84.53286,1007.69977
2023-02-18T13:00,21.6,15.0,241.0,,16.7,0.9,54.0,66.97695,3.0,0.0,48.0,3.4152596,18.435053,83.93657,1007.605
2023-02-18T14:00,22.0,15.3,243.0,,18.1,1.0,56.0,66.57802,0.0,0.0,1.0,3.7064266,60.94549,92.29931,1007.48065
2023-02-18T15:00,24.0,16.7,244.0,,18.4,1.0,59.0,66.03724,-0.45,0.0,0.0,4.0249224,63.435013,93.980064,1007.6595
2023-02-18T16:00,26.7,18.6,242.0,,16.1,1.0,60.0,65.549644,2.25,0.0,0.0,6.6185193,67.61982,86.6269,1008.2661
2023-02-18T17:00,26.7,18.5,237.0,,12.3,1.0,61.0,65.257095,6.15,0.0,0.0,4.6800003,112.61991,74.47564,1008.6225
2023-02-18T18:00,27.1,18.7,230.0,,8.0,1.1,65.0,64.77837,8.95,0.0,0.0,3.8268526,138.81418,63.983772,1008.83295
2023-02-18T19:00,27.0,18.7,223.0,,6.2,1.2,71.0,63.519512,11.15,0.0,0.0,4.0249224,153.43501,55.623524,1008.523
2023-02-18T20:00,27.2,18.9,215.0,,4.9,1.4,79.0,62.207455,12.65,0.0,0.0,4.73506,171.25392,50.031,1007.78937
2023-02-18T21:00,27.1,18.7,206.0,,3.9,1.6,87.0,60.97518,13.75,0.0,0.0,2.1897945,189.46225,46.73205,1006.94116
2023-02-18T22:00,26.8,18.6,200.0,,2.7,1.6,91.0,59.911354,14.8,0.0,0.0,1.1384199,341.56494,40.079144,1006.78284
2023-02-18T23:00,26.6,18.4,195.0,,1.8,1.6,95.0,59.060287,15.45,0.0,0.0,2.16,360.0,37.891403,1006.60956
2023-02-19T00:00,19.4,13.4,215.0,,3.7,1.6,92.0,58.35107,15.35,0.0,0.0,0.5091169,224.9999,35.998558,1006.1111
2023-02-19T01:00,22.1,15.3,232.0,,9.9,1.6,80.0,58.510643,14.1,0.0,0.0,4.6938252,4.398633,60.208687,1005.8663
2023-02-19T02:00,24.2,16.8,257.0,,18.7,1.6,62.0,58.820923,9.8,0.0,100.0,11.5199995,360.0,63.952282,1005.70105
2023-02-19T03:00,22.3,15.4,290.0,,28.3,1.6,43.0,59.281914,8.45,0.0,97.0,11.874544,345.9637,69.05836,1005.648
2023-02-19T04:00,22.6,15.7,312.0,,31.4,1.6,36.0,59.618793,8.05,0.0,83.0,10.829958,338.5522,70.7074,1005.92896
2023-02-19T05:00,28.8,20.0,334.0,,32.6,1.6,31.0,59.937943,6.4,0.0,95.0,12.55879,332.7005,80.56496,1006.0614
2023-02-19T06:00,34.2,23.8,358.0,,32.8,1.6,29.0,60.523052,6.25,0.0,90.0,10.383987,326.3099,82.267715,1006.8465
2023-02-19T07:00,40.7,28.3,372.0,,32.3,1.6,29.0,61.303185,5.6,0.0,74.0,11.440979,335.85446,83.061066,1007.414
2023-02-19T08:00,48.1,33.5,382.0,,30.9,1.7,32.0,62.38475,7.95,0.0,22.0,1.2979984,123.690094,73.747116,1007.70544
2023-02-19T09:00,52.2,36.3,388.0,,28.2,1.7,36.0,63.882973,6.75,0.0,5.0,0.71999997,90.0,78.92756,1007.8554
2023-02-19T10:00,53.8,37.5,383.0,,25.0,1.7,40.0,65.60283,4.2,0.0,60.0,9.504273,335.37646,87.44365,1007.45624
2023-02-19T11:00,54.5,38.1,373.0,,21.0,1.6,45.0,67.40247,3.55,0.0,0.0,9.659814,333.43503,89.914085,1007.0341
2023-02-19T12:00,60.1,42.0,402.0,,23.1,1.7,47.0,69.25532,4.55,0.0,4.0,4.6938257,237.52882,90.629944,1007.1738
2023-02-19T13:00,60.1,42.0,402.0,,23.3,1.7,48.0,71.64893,3.9,0.0,5.0,4.73506,351.2539,93.52029,1007.8395
2023-02-19T14:00,61.0,42.6,401.0,,23.6,1.7,49.0,74.04255,3.5,0.0,0.0,3.7064266,29.054508,94.50068,1008.1197
2023-02-19T15:00,62.4,43.7,391.0,,22.4,1.7,51.0,76.46276,3.35,0.0,5.0,2.8116899,39.805527,94.83024,1008.4103
2023-02-19T16:00,64.3,44.8,371.0,,19.2,1.8,54.0,78.85638,4.1,0.0,0.0,3.8939953,33.6901,92.87148,1008.7376
2023-02-19T17:00,55.4,38.6,343.0,,14.8,2.0,58.0,81.17908,6.85,0.0,0.0,2.2768397,71.564964,84.98165,1008.9474
2023-02-19T18:00,46.7,32.6,307.0,,9.7,2.3,63.0,82.96098,9.85,0.0,10.0,2.5959969,146.3099,70.812126,1009.16473
2023-02-19T19:00,38.4,26.7,285.0,,7.6,2.6,68.0,84.19326,12.15,0.0,5.0,3.5455887,203.9625,62.93885,1009.0559
2023-02-19T20:00,35.5,24.7,264.0,,6.2,2.9,73.0,84.90248,13.85,0.0,33.0,4.6938257,237.52882,58.30802,1008.6266
2023-02-19T21:00,34.3,23.9,242.0,,5.0,3.1,79.0,85.41667,15.45,0.0,63.0,5.0142193,248.96242,50.09721,1007.69775
2023-02-19T22:00,32.8,22.8,228.0,,3.4,3.0,84.0,85.87766,16.45,0.0,44.0,4.8965297,233.97253,44.91469,1007.4383
2023-02-19T23:00,30.6,21.2,216.0,,1.9,2.7,90.0,86.25,16.85,0.0,8.0,4.379589,260.53775,40.104797,1007.05743
2023-02-20T00:00,18.7,13.0,231.0,,3.8,2.2,88.0,86.49822,17.0,0.0,0.0,2.1897945,260.53775,34.081707,1006.9642
2023-02-20T01:00,19.6,13.5,248.0,,11.0,2.2,77.0,86.46277,16.55,0.0,34.0,2.16,270.0,36.87376,1006.65063
2023-02-20T02:00,20.5,14.2,273.0,,21.2,2.1,61.0,86.30319,12.5,0.0,39.0,7.42159,337.1663,51.61259,1006.49774
2023-02-20T03:00,20.1,13.9,308.0,,32.7,2.0,42.0,86.0727,9.15,0.0,12.0,10.853866,354.2895,72.17591,1006.9613
2023-02-20T04:00,22.4,15.5,336.0,,37.1,2.0,34.0,85.93972,7.7,0.0,31.0,11.252519,7.3522935,76.344185,1007.49774
2023-02-20T05:00,28.5,19.8,366.0,,39.5,1.9,28.0,85.92199,7.55,0.0,9.0,9.83268,23.749514,72.89736,1007.9863
2023-02-20T06:00,33.9,23.6,398.0,,41.3,1.9,23.0,85.90426,7.35,0.0,27.0,6.696387,53.74608,71.83385,1008.0772
2023-02-20T07:00,35.7,24.9,414.0,,42.4,1.9,20.0,85.88653,7.05,0.0,39.0,4.8433046,41.98713,73.323235,1008.9553
2023-02-20T08:00,37.4,26.0,425.0,,42.8,1.9,18.0,85.58511,7.0,0.0,14.0,1.1384199,108.43504,73.05412,1009.2501
2023-02-20T09:00,39.8,27.7,427.0,,40.9,1.9,19.0,84.92021,5.2,0.0,0.0,1.835647,101.3099,80.682335,1009.47455
2023-02-20T10:00,42.7,29.8,413.0,,36.3,1.8,24.0,84.15781,3.5,0.0,13.0,5.5887027,104.93147,90.231415,1009.30634
2023-02-20T11:00,44.9,31.3,389.0,,29.9,1.7,31.0,83.47518,2.9,0.0,54.0,6.489992,86.82024,92.14339,1009.08417
2023-02-20T12:00,41.0,28.6,328.0,,18.6,1.3,41.0,82.872345,3.25,0.0,5.0,6.9527545,68.74943,89.89072,1009.5927
2023-02-20T13:00,40.3,28.1,326.0,,19.1,1.3,41.0,81.684395,2.5,0.0,15.0,9.085988,33.6901,88.22943,1010.0564
2023-02-20T14:00,41.4,28.9,322.0,,19.8,1.2,40.0,80.45212,2.9,0.0,13.0,5.4477882,82.40546,83.62186,1010.07294
2023-02-20T15:00,41.9,29.3,315.0,,19.3,1.2,42.0,79.237595,2.55,0.0,94.0,6.638072,130.60121,85.723495,1010.2561
2023-02-20T16:00,42.6,29.7,308.0,,16.8,1.3,47.0,77.96099,5.7,0.0,25.0,8.287822,124.3804,73.33644,1010.5824
2023-02-20T17:00,44.4,31.0,299.0,,13.1,1.4,54.0,76.62234,9.05,0.0,92.0,3.0758414,69.44387,66.78508,1010.91376
2023-02-20T18:00,40.2,27.9,285.0,,8.7,1.6,66.0,75.948586,11.95,0.0,68.0,3.7064266,29.054508,60.526382,1011.818
2023-02-20T19:00,31.9,22.1,270.0,,6.5,1.7,77.0,75.53191,14.15,0.0,62.0,0.35999998,180.0,54.474266,1011.5069
2023-02-20T20:00,28.1,19.5,254.0,,4.8,1.7,90.0,75.124115,16.1,0.0,62.0,3.8939953,213.6901,49.41142,1010.69006
2023-02-20T21:00,27.2,18.9,235.0,,3.4,1.7,104.0,74.66312,17.55,0.0,97.0,2.8799999,270.0,44.1404,1009.65576
2023-02-20T22:00,26.1,18.0,223.0,,2.0,1.6,110.0,74.21986,18.45,0.0,90.0,3.096837,305.53775,42.295895,1008.60065
2023-02-20T23:00,24.9,17.2,213.0,,1.0,1.5,114.0,73.79433,19.05,0.0,94.0,5.3517847,312.27362,41.165157,1008.227
2023-02-21T00:00,21.5,14.9,223.0,,3.5,1.4,106.0,73.43972,19.05,0.0,78.0,6.696387,306.25394,38.801952,1006.74286
2023-02-21T01:00,28.5,19.7,260.0,,13.8,1.5,88.0,73.608154,16.65,0.0,57.0,6.1094027,315.0001,54.56227,1006.5551
2023-02-21T02:00,33.9,23.5,312.0,,28.5,1.6,64.0,74.1578,11.95,0.0,47.0,11.269782,333.43503,66.480125,1006.4765
2023-02-21T03:00,38.2,26.5,367.0,,42.6,1.7,38.0,74.98228,10.4,0.0,12.0,11.609651,330.25522,71.91007,1006.5157
2023-02-21T04:00,42.0,29.2,381.0,,43.3,1.7,33.0,76.0993,9.45,0.0,13.0,9.693296,328.67136,77.16444,1006.0832
2023-02-21T05:00,42.7,29.7,383.0,,39.2,1.6,36.0,77.313835,8.95,0.0,32.0,9.449572,342.25522,80.08301,1006.1625
2023-02-21T06:00,45.3,31.5,383.0,,34.4,1.6,38.0,78.1915,11.1,0.0,6.0,6.439876,296.56497,69.837715,1006.2461
2023-02-21T07:00,46.3,32.4,391.0,,34.9,1.6,34.0,78.891846,10.55,0.0,35.0,6.379216,286.38962,72.187805,1006.0268
2023-02-21T08:00,47.6,33.2,400.0,,36.6,1.7,30.0,79.55675,8.45,0.0,4.0,4.6938257,32.471172,80.84991,1005.648
2023-02-21T09:00,49.0,34.2,401.0,,36.2,1.7,26.0,80.19503,5.45,0.0,3.0,5.771239,86.423744,90.69462,1004.73755
2023-02-21T10:00,50.4,35.2,384.0,,31.1,1.6,29.0,80.771286,4.5,0.0,2.0,4.896529,72.89719,91.591995,1004.4027
2023-02-21T11:00,51.7,36.0,357.0,,23.5,1.5,34.0,81.25,4.2,0.0,28.0,4.829907,63.435013,90.60461,1003.69855
2023-02-21T12:00,51.7,36.0,370.0,,25.0,1.5,32.0,81.66667,4.55,0.0,74.0,5.2416787,74.054535,89.673645,1002.82275
2023-02-21T13:00,49.5,34.5,360.0,,23.9,1.4,32.0,82.32269,4.05,0.0,97.0,10.1887,122.00535,87.11836,1001.5168
2023-02-21T14:00,47.3,32.9,346.0,,22.4,1.4,32.0,82.890076,4.3,0.0,99.0,7.9526596,95.19434,80.84495,1001.428
2023-02-21T15:00,48.9,34.0,328.0,,19.6,1.3,36.0,83.24468,4.75,0.0,100.0,6.0347,72.64589,77.7815,1001.05054
2023-02-21T16:00,50.6,35.3,320.0,,16.7,1.3,43.0,83.661354,7.25,0.0,100.0,9.3876505,85.60138,71.05291,1000.6558
2023-02-21T17:00,50.8,35.4,314.0,,13.3,1.4,54.0,84.15781,10.05,0.0,100.0,5.1544156,102.09474,67.708115,1000.172
2023-02-21T18:00,41.8,29.1,300.0,,9.2,1.4,68.0,84.547874,12.45,0.0,99.0,6.696387,126.25393,63.008224,999.17584
2023-02-21T19:00,29.0,20.1,279.0,,6.7,1.4,79.0,84.65427,15.05,0.0,97.0,5.6002855,135.0001,53.771862,998.1854
2023-02-21T20:00,26.7,18.5,252.0,,4.4,1.4,91.0,84.47695,16.65,0.0,100.0,3.8773184,158.19853,47.381676,996.85956
2023-02-21T21:00,27.2,18.9,221.0,,2.4,1.4,102.0,84.38829,17.7,0.0,94.0,3.319036,220.60121,45.740486,995.01855
2023-02-21T22:00,24.2,16.8,208.0,,2.0,1.4,105.0,84.3883,18.45,0.0,73.0,9.83268,293.7495,43.484547,993.9574
2023-02-21T23:00,21.5,14.7,199.0,,2.4,1.3,105.0,84.28192,18.1,0.0,100.0,18.359999,298.0724,44.913204,992.8563
2023-02-22T00:00,15.4,10.5,206.0,,4.5,1.2,93.0,84.06029,17.5,0.0,98.0,19.08,301.89075,40.29288,991.5484
2023-02-22T01:00,11.6,7.5,186.0,,4.1,1.0,93.0,83.67021,14.25,0.0,92.0,32.48788,282.80426,53.934803,991.9235
2023-02-22T02:00,4.6,2.7,158.0,,3.5,0.7,92.0,82.588646,11.45,0.0,6.0,36.30471,292.751,42.07142,992.6092
2023-02-22T03:00,2.8,1.7,129.0,,3.0,0.5,90.0,80.744675,9.45,0.0,62.0,33.24888,289.61218,42.41553,992.9285
2023-02-22T04:00,2.6,1.6,125.0,,3.1,0.5,87.0,78.5461,8.2,0.0,83.0,31.771912,289.87225,49.871483,993.1765
2023-02-22T05:00,2.8,1.8,128.0,,3.5,0.6,83.0,76.0993,7.55,0.0,81.0,28.551426,293.00888,55.881786,993.6459
2023-02-22T06:00,2.9,1.9,135.0,,3.9,0.8,79.0,73.625885,6.6,0.2,97.0,20.523157,291.61484,62.525375,993.50946
2023-02-22T07:00,2.9,1.9,138.0,,3.8,0.9,77.0,71.00177,6.25,0.0,3.0,20.724247,287.176,59.332466,993.59467
2023-02-22T08:00,3.0,2.0,140.0,,3.6,0.9,75.0,68.297874,5.25,0.0,0.0,17.31746,290.69553,61.746803,993.65393
2023-02-22T09:00,3.4,2.3,144.0,,3.3,1.0,73.0,65.53191,4.65,0.0,0.0,15.315873,293.55228,64.38199,993.8277
2023-02-22T10:00,3.7,2.4,145.0,,3.0,1.0,72.0,62.703903,4.2,0.0,3.0,14.512064,293.38525,67.6703,994.2055
2023-02-22T11:00,3.8,2.6,146.0,,2.6,1.1,71.0,59.796097,3.65,0.0,0.0,12.10157,300.37906,70.85243,994.38104
2023-02-22T12:00,4.5,3.0,148.0,,2.4,1.2,72.0,56.83511,4.15,0.0,0.0,14.24163,290.72565,59.901993,994.59875
2023-02-22T13:00,4.8,3.2,156.0,,4.0,1.3,68.0,53.909576,3.3,0.0,45.0,9.983106,295.64096,66.97848,995.5536
2023-02-22T14:00,5.7,3.8,167.0,,6.3,1.3,63.0,51.134754,1.85,0.0,2.0,7.9932966,305.83774,76.46511,996.0879
2023-02-22T15:00,8.1,5.5,176.0,,8.1,1.4,59.0,47.170135,1.5,0.0,5.0,7.7043357,307.40543,80.447525,997.0622
2023-02-22T16:00,8.8,5.9,174.0,,7.2,1.4,61.0,42.222218,3.8,0.0,21.0,1.9386592,68.19853,69.59712,997.9469
2023-02-22T17:00,7.3,4.8,167.0,,5.2,1.4,66.0,37.118053,5.55,0.0,3.0,2.4149535,296.56497,59.155396,998.3137
2023-02-22T18:00,6.8,4.4,158.0,,2.9,1.4,73.0,31.805553,7.05,0.0,35.0,6.489992,303.6901,52.955524,998.57104
2023-02-22T19:00,7.5,4.8,155.0,,2.2,1.3,77.0,30.902136,8.0,0.0,9.0,5.315336,298.30066,48.905487,998.9051
2023-02-22T20:00,8.1,5.2,152.0,,1.8,1.2,82.0,31.25,9.3,0.0,57.0,2.5455842,278.13,44.789917,998.4613
2023-02-22T21:00,8.9,5.7,150.0,,1.7,1.1,85.0,31.829775,9.6,0.3,55.0,5.692099,214.69522,44.712513,998.07733
2023-02-22T22:00,10.0,6.4,149.0,,1.7,1.0,84.0,32.8154,8.2,1.8000001,91.0,6.830519,198.43504,56.871513,997.9238
2023-02-22T23:00,9.8,6.3,149.0,,1.9,1.0,82.0,34.03293,7.95,0.6,70.0,2.9024127,262.8751,54.578617,997.9142
2023-02-23T00:00,18.8,11.5,157.0,,2.2,1.0,85.0,35.36642,6.6,0.59999996,96.0,5.0142193,158.96242,68.67491,998.751
2023-02-23T01:00,16.1,10.3,161.0,,3.4,1.0,82.0,36.757885,5.5,1.0,96.0,8.647496,182.3859,74.89502,999.0041
2023-02-23T02:00,17.1,11.0,167.0,,5.1,0.9,77.0,37.685528,4.75,0.1,44.0,10.948973,133.66785,80.90773,998.7761
2023-02-23T03:00,18.8,12.2,174.0,,7.0,0.8,72.0,37.91744,3.9,0.0,28.0,11.212135,84.47256,83.743454,999.4342
2023-02-23T04:00,19.4,12.7,179.0,,7.7,0.8,70.0,37.627552,3.1,0.0,29.0,8.350138,97.43131,84.86125,999.5008
2023-02-23T05:00,19.2,12.7,183.0,,8.1,0.7,70.0,36.93182,2.1,0.0,35.0,7.289444,110.22495,89.80038,1000.05334
2023-02-23T06:00,18.4,12.0,185.0,,8.0,0.7,70.0,36.062153,2.25,0.0,82.0,7.0911775,113.962494,87.88881,1000.4547
2023-02-23T07:00,18.7,12.2,182.0,,7.1,0.7,72.0,35.250465,2.6,0.0,10.0,9.793058,107.10281,85.11147,1000.7658
2023-02-23T08:00,18.7,12.1,175.0,,5.8,0.6,75.0,34.670685,2.15,0.0,96.0,10.1887,122.00535,86.61671,1000.7473
2023-02-23T09:00,18.6,12.0,168.0,,4.4,0.6,78.0,34.090908,2.15,0.0,100.0,8.942214,130.10085,86.303535,1000.64844
2023-02-23T10:00,18.8,12.1,165.0,,4.0,0.6,80.0,33.858997,2.35,0.2,100.0,6.696387,143.74608,85.39213,1000.75543
2023-02-23T11:00,18.4,11.8,164.0,,3.9,0.6,81.0,34.03293,2.65,0.4,100.0,8.587338,123.02387,85.73429,1000.7677
2023-02-23T12:00,17.2,11.2,167.0,,3.0,0.5,81.0,35.000004,2.8,0.2,98.0,8.435069,129.80553,80.34111,1001.2684
2023-02-23T13:00,18.0,11.6,172.0,,4.5,0.6,83.0,36.42361,2.25,0.0,61.0,9.885262,123.11135,83.23906,1001.3446
2023-02-23T14:00,17.8,11.4,179.0,,6.5,0.6,86.0,37.881947,1.6,0.0,70.0,8.534353,117.64589,85.93272,1001.9112
2023-02-23T15:00,18.5,11.8,184.0,,8.5,0.7,89.0,39.20139,1.9,0.0,38.0,10.636766,113.962494,83.8037,1002.22034
2023-02-23T16:00,19.0,12.0,180.0,,8.8,0.7,88.0,40.29514,3.55,0.0,11.0,14.8257065,119.05451,77.02879,1002.6832
2023-02-23T17:00,17.2,10.6,171.0,,8.4,0.7,86.0,41.354168,5.45,0.0,20.0,14.255272,135.0001,69.180664,1003.05634
2023-02-23T18:00,15.3,8.7,161.0,,7.4,0.6,85.0,42.361115,6.95,0.0,22.0,14.480773,145.1246,63.980587,1003.4129
2023-02-23T19:00,14.6,8.3,157.0,,6.0,0.6,87.0,43.10764,7.85,0.59999996,67.0,15.1884165,148.57048,62.14844,1003.1518
2023-02-23T20:00,15.1,8.8,153.0,,4.2,0.5,90.0,43.71528,8.7,0.5,37.0,13.397612,149.30035,59.3027,1002.69073
2023-02-23T21:00,15.1,9.0,151.0,,2.6,0.5,92.0,44.34028,8.6,0.90000004,86.0,14.039999,157.3801,54.356636,1001.89575
2023-02-23T22:00,16.4,10.0,151.0,,2.8,0.5,91.0,44.913197,8.65,0.9,69.0,11.592894,143.84172,57.19414,1001.1064
2023-02-23T23:00,15.0,9.3,153.0,,3.8,0.4,88.0,45.53819,9.25,0.1,63.0,18.514643,153.43501,52.97582,1000.8332
2023-02-24T00:00,17.9,10.6,158.0,,3.7,0.4,94.0,46.059025,9.15,0.3,37.0,16.071491,164.40714,49.773876,1001.1259
2023-02-24T01:00,19.4,11.5,161.0,,4.7,0.4,91.0,45.90278,8.65,0.0,52.0,15.077082,146.68936,54.56758,1001.00745
2023-02-24T02:00,17.7,10.5,166.0,,6.0,0.4,88.0,46.11112,6.65,0.7,17.0,13.5515,106.99091,67.94965,1001.02783
2023-02-24T03:00,18.0,10.9,171.0,,7.2,0.4,84.0,46.02431,5.0,0.0,28.0,18.204042,114.53771,77.821175,1001.4563
2023-02-24T04:00,16.7,10.4,174.0,,7.1,0.4,84.0,45.798615,4.65,0.0,3.0,19.513195,119.87591,79.74361,1001.541
2023-02-24T05:00,20.3,12.6,177.0,,6.5,0.5,85.0,45.399303,4.4,0.0,0.0,19.67195,124.56259,75.788445,1001.8276
2023-02-24T06:00,18.9,11.8,178.0,,5.4,0.5,87.0,45.381947,4.15,0.0,16.0,20.969807,124.50858,73.58084,1002.01526
2023-02-24T07:00,15.7,9.8,174.0,,4.5,0.5,88.0,45.347225,4.2,0.0,96.0,21.30093,120.46546,72.00311,1001.5231
2023-02-24T08:00,13.1,8.1,168.0,,3.5,0.4,89.0,44.930557,4.1,0.5,100.0,19.453327,128.991,71.46131,1001.1234
2023-02-24T09:00,11.4,6.9,160.0,,2.4,0.4,90.0,44.236115,4.05,0.6,100.0,20.26899,123.407845,74.90964,1000.52795
2023-02-24T10:00,9.2,5.4,157.0,,1.8,0.4,92.0,43.3507,4.05,0.89999986,100.0,20.523157,127.875046,71.97412,999.638
2023-02-24T11:00,7.5,4.4,154.0,,1.2,0.4,94.0,42.1875,4.05,0.60000014,100.0,22.930048,112.135544,71.45149,997.75916
2023-02-24T12:00,8.1,5.0,158.0,,1.4,0.5,92.0,41.106216,6.75,0.79999995,100.0,32.28981,120.85413,48.367718,996.1856
2023-02-24T13:00,6.4,4.0,156.0,,1.5,0.4,93.0,41.570034,8.35,0.0,95.0,39.724167,133.53127,43.20504,994.5671
2023-02-24T14:00,4.4,2.7,154.0,,1.6,0.4,93.0,42.033855,6.9,3.2,100.0,33.449017,145.96783,60.36775,994.51025
2023-02-24T15:00,2.4,1.5,152.0,,1.9,0.3,93.0,42.381725,6.6,3.1000001,100.0,29.714724,160.90642,69.66708,996.4763
2023-02-24T16:00,1.7,1.2,154.0,,2.3,0.3,91.0,42.67161,6.7,2.6,86.0,29.96662,151.27977,80.32368,997.37054
2023-02-24T17:00,1.9,1.3,158.0,,2.7,0.4,88.0,42.78757,8.65,0.1,57.0,34.574997,148.62704,71.82869,997.54584
2023-02-24T18:00,2.3,1.6,161.0,,3.2,0.4,85.0,42.67161,9.85,0.7,100.0,29.68636,140.90616,74.60259,997.7902
2023-02-24T19:00,2.7,1.9,160.0,,3.2,0.4,84.0,42.26577,8.6,0.8,100.0,25.922499,142.33432,83.71784,998.03845
2023-02-24T20:00,3.4,2.4,159.0,,3.0,0.3,84.0,41.685993,8.5,2.1,100.0,17.884428,139.89915,85.752815,997.93585
2023-02-24T21:00,4.3,3.0,157.0,,3.1,0.3,84.0,41.22217,8.65,2.9,100.0,13.684735,144.63745,86.06428,997.8426
2023-02-24T22:00,5.0,3.5,156.0,,3.1,0.3,86.0,40.70037,9.05,2.3,100.0,10.182337,171.86998,85.51654,997.1659
2023-02-24T23:00,5.2,3.6,156.0,,3.2,0.2,88.0,40.294525,8.9,2.1,100.0,7.342588,191.30989,87.579445,997.4566
2023-02-25T00:00,16.1,11.2,179.0,,8.3,0.3,70.0,40.00464,7.6,1.2,100.0,4.896529,287.1028,88.371056,997.50476
2023-02-25T01:00,21.6,15.1,204.0,,16.4,0.4,60.0,38.787106,7.4,4.1,100.0,5.0911684,351.87,89.58544,997.6947
2023-02-25T02:00,25.7,17.9,239.0,,27.7,0.5,46.0,37.163727,7.15,4.0,100.0,0.8049845,26.564985,88.02541,997.68506
2023-02-25T03:00,23.3,16.1,274.0,,37.7,0.6,33.0,34.902596,6.35,4.6,100.0,8.473393,77.735245,86.42774,998.1479
2023-02-25T04:00,19.9,13.7,280.0,,36.0,0.5,33.0,31.945732,4.75,4.2,100.0,12.181625,71.0295,92.255875,998.1828
2023-02-25T05:00,16.4,11.4,275.0,,29.8,0.4,37.0,28.988869,4.35,3.3,100.0,7.9932976,82.234924,92.55807,998.46356
2023-02-25T06:00,16.5,11.6,269.0,,22.5,0.3,42.0,28.385416,3.95,3.7,100.0,4.6938252,94.39862,93.52283,998.24945
2023-02-25T07:00,19.8,13.9,271.0,,21.4,0.3,41.0,28.350697,3.2,4.1,100.0,2.7416782,203.19862,96.86528,997.92267
2023-02-25T08:00,20.4,14.3,274.0,,21.7,0.2,38.0,29.0625,2.0,3.4,100.0,5.3999996,216.86998,100.0,998.1705
2023-02-25T09:00,17.9,12.5,270.0,,20.6,0.2,37.0,30.13889,1.95,1.9,100.0,4.6938257,147.52882,98.58162,998.366
2023-02-25T10:00,15.0,10.5,252.0,,16.6,0.1,41.0,31.111113,1.8,1.2,100.0,7.928177,140.52757,99.28769,998.7556
2023-02-25T11:00,10.4,7.3,226.0,,11.1,0.1,48.0,31.996527,1.7,0.9,100.0,11.480557,138.81418,99.28711,999.44366
2023-02-25T12:00,8.0,5.6,201.0,,5.8,0.1,58.0,32.5,1.55,0.79999995,100.0,8.669949,131.63345,98.576996,999.4374
2023-02-25T13:00,7.3,5.1,202.0,,6.1,0.1,56.0,32.604168,1.55,0.90000004,100.0,8.161764,131.42357,98.93105,999.2396
2023-02-25T14:00,7.6,5.3,205.0,,6.7,0.1,54.0,32.79514,2.05,0.6,100.0,5.8048253,187.12492,96.14534,999.7544
2023-02-25T15:00,7.5,5.2,209.0,,7.4,0.1,51.0,33.246532,2.4,0.2,100.0,3.7064266,299.0545,94.79115,1000.6587
2023-02-25T16:00,7.6,5.3,214.0,,8.1,0.1,49.0,33.888893,2.95,0.0,100.0,7.628263,340.70987,91.49009,1001.3733
2023-02-25T17:00,9.1,6.4,221.0,,8.8,0.2,47.0,34.6007,3.4,0.0,100.0,6.8777895,317.1211,90.223854,1001.8862
2023-02-25T18:00,11.6,8.1,229.0,,9.4,0.2,46.0,35.486115,4.2,0.1,100.0,3.096837,305.53775,88.06792,1002.1164
2023-02-25T19:00,13.6,9.5,233.0,,9.4,0.2,46.0,36.614586,4.8,0.2,100.0,1.8,323.13,87.50064,1002.0417
2023-02-25T20:00,15.7,10.9,235.0,,9.1,0.3,48.0,37.93403,5.75,0.2,100.0,2.1897945,170.53775,85.15832,1001.98083
2023-02-25T21:00,15.3,10.7,239.0,,8.8,0.3,50.0,39.409725,6.75,0.1,100.0,3.4152596,161.56496,81.183235,1001.62494
2023-02-25T22:00,15.7,11.0,239.0,,8.1,0.3,53.0,40.746532,7.05,0.1,100.0,6.489992,160.55988,79.25104,1001.7358
2023-02-25T23:00,15.7,11.0,238.0,,7.3,0.4,57.0,42.04861,6.95,0.2,100.0,7.42159,157.1663,78.40315,1001.92944
2023-02-26T00:00,42.5,29.6,226.0,,7.2,0.7,74.0,43.333336,6.2,0.1,100.0,5.8603754,132.5104,82.84325,1002.1966
2023-02-26T01:00,47.5,33.1,258.0,,15.5,0.8,62.0,46.52778,6.35,0.0,26.0,4.8965297,143.97253,81.1286,1002.0048
2023-02-26T02:00,54.1,37.7,304.0,,27.3,0.9,44.0,49.65278,4.35,0.0,5.0,4.8965297,306.02747,87.76924,1002.7157
2023-02-26T03:00,59.5,41.4,363.0,,39.6,1.1,25.0,51.578014,3.35,0.0,54.0,6.4096174,231.84273,92.170975,1002.9717
2023-02-26T04:00,63.3,44.1,400.0,,42.4,1.2,20.0,53.82092,1.8,0.0,88.0,9.693296,238.67136,96.13761,1003.2051
2023-02-26T05:00,65.9,45.9,434.0,,42.1,1.3,19.0,56.515957,4.15,0.0,65.0,4.198285,210.96368,89.324196,1003.6963
2023-02-26T06:00,66.8,46.3,461.0,,40.7,1.4,19.0,59.574467,1.8,0.0,99.0,6.792466,57.99466,95.44974,1004.19385
2023-02-26T07:00,64.3,44.5,458.0,,40.2,1.4,18.0,62.65071,3.2,0.0,100.0,3.9763298,95.19434,91.180626,1004.64667
2023-02-26T08:00,60.8,42.0,441.0,,39.4,1.2,16.0,65.36347,2.2,0.0,100.0,4.6800003,157.3801,93.76886,1004.6057
2023-02-26T09:00,58.8,40.5,412.0,,37.3,1.1,16.0,67.819145,2.05,0.0,100.0,5.3517847,137.72638,95.45881,1005.1927
2023-02-26T10:00,56.9,39.1,389.0,,34.7,1.0,18.0,70.301414,2.4,0.2,100.0,5.5887027,104.93147,95.813255,1005.70154
2023-02-26T11:00,54.9,37.7,362.0,,31.5,1.0,21.0,72.836876,2.75,0.7,100.0,7.771331,103.39252,95.824936,1006.21014
2023-02-26T12:00,70.8,48.7,492.0,,34.0,1.5,18.0,75.53191,3.75,0.7,100.0,3.9763298,95.19434,93.84457,1006.15247
2023-02-26T13:00,67.8,46.7,477.0,,33.8,1.4,19.0,79.35283,3.75,0.1,98.0,3.4152596,108.43504,94.51153,1006.94354
2023-02-26T14:00,63.3,43.5,456.0,,33.4,1.3,20.0,83.04078,3.75,0.0,99.0,3.6,126.86999,94.17753,1007.2402
2023-02-26T15:00,61.2,42.3,413.0,,30.2,1.1,27.0,86.42731,3.3,0.0,38.0,5.3517847,137.72638,94.49198,1007.6173
2023-02-26T16:00,61.0,42.1,363.0,,23.8,1.0,40.0,89.71631,3.9,0.0,41.0,8.404285,136.73567,92.86032,1008.5317
2023-02-26T17:00,50.2,34.3,301.0,,15.2,0.8,57.0,92.97873,5.05,0.0,75.0,10.464797,130.81499,90.66595,1008.9738
2023-02-26T18:00,37.1,25.2,233.0,,5.9,0.7,77.0,95.45213,6.55,0.0,80.0,10.805998,150.01845,85.545364,1009.5287
2023-02-26T19:00,30.6,20.7,204.0,,3.0,0.6,86.0,96.968094,7.9,0.0,100.0,12.43434,157.8905,78.27412,1009.1871
2023-02-26T20:00,24.6,16.6,185.0,,2.0,0.6,92.0,97.961,8.85,0.0,99.0,11.525623,165.52966,74.16775,1009.1255
2023-02-26T21:00,21.6,14.6,169.0,,1.6,0.5,97.0,98.4663,10.05,0.0,99.0,9.449572,162.25523,65.60506,1008.67816
2023-02-26T22:00,19.2,13.0,160.0,,1.2,0.5,98.0,98.81204,10.85,0.0,90.0,10.805998,150.01845,58.373913,1008.3136
2023-02-26T23:00,17.3,11.7,156.0,,1.2,0.5,98.0,98.98936,11.45,0.0,99.0,11.753876,139.9698,52.624,1007.941
2023-02-27T00:00,22.9,15.5,163.0,,2.4,0.4,96.0,99.051414,10.3,0.0,100.0,9.565437,109.798965,60.337807,1007.40186
2023-02-27T01:00,23.3,15.8,172.0,,5.0,0.4,89.0,97.801414,10.4,0.0,100.0,11.384199,108.43504,58.884144,1007.307
2023-02-27T02:00,25.7,17.4,184.0,,8.6,0.5,80.0,96.26772,9.3,0.0,100.0,11.269782,116.56499,62.49281,1007.4618
2023-02-27T03:00,27.9,18.9,197.0,,11.9,0.5,71.0,94.46808,8.7,0.0,100.0,15.315873,119.57774,65.769875,1007.4381
2023-02-27T04:00,29.7,20.0,201.0,,11.6,0.5,70.0,92.47341,8.35,0.0,100.0,17.974781,122.73522,65.9263,1007.22675
2023-02-27T05:00,31.0,20.8,202.0,,9.9,0.4,71.0,90.33688,8.1,0.0,100.0,16.595179,130.60121,65.63655,1007.4146
2023-02-27T06:00,31.3,21.1,201.0,,7.6,0.3,74.0,88.1117,8.15,0.0,100.0,16.055355,132.27364,65.882034,1007.4165
2023-02-27T07:00,30.5,20.7,199.0,,6.4,0.3,75.0,85.87766,7.8,0.4,100.0,12.904882,149.8587,72.68656,1007.69934
2023-02-27T08:00,30.2,20.4,195.0,,5.4,0.3,77.0,83.76774,7.2,3.1,100.0,14.904173,127.14677,84.429665,1007.5768
2023-02-27T09:00,30.3,20.5,189.0,,4.1,0.3,79.0,81.852844,6.9,5.4,100.0,16.375053,123.34073,84.395164,1007.7625
2023-02-27T10:00,27.6,18.7,183.0,,3.2,0.3,81.0,80.079796,7.0,0.5,100.0,18.089775,121.15924,84.99832,1007.37103
2023-02-27T11:00,22.6,15.3,175.0,,2.5,0.2,84.0,78.27128,6.85,0.2,80.0,18.709612,120.01828,85.27916,1006.6727
2023-02-27T12:00,24.7,16.6,177.0,,2.4,0.2,82.0,76.28546,7.15,0.2,72.0,16.323528,131.42357,84.12976,1005.99255
2023-02-27T13:00,20.4,13.8,174.0,,2.9,0.2,81.0,73.43971,7.1,0.0,100.0,17.10284,139.26799,82.37735,1005.7925
2023-02-27T14:00,14.0,9.5,170.0,,3.5,0.2,80.0,70.52305,6.85,0.3,100.0,10.464797,139.18501,82.34521,1006.07935
2023-02-27T15:00,12.4,8.4,165.0,,4.2,0.2,79.0,67.508865,6.9,0.6,100.0,3.671294,101.3099,80.63502,1006.27905
2023-02-27T16:00,12.4,8.3,163.0,,4.4,0.2,78.0,64.50355,6.95,0.1,100.0,7.5685663,92.72626,85.29006,1006.28094
2023-02-27T17:00,11.1,7.3,162.0,,4.5,0.3,77.0,61.507088,8.0,0.0,100.0,10.739832,140.44037,84.22859,1006.2238
2023-02-27T18:00,10.0,6.4,161.0,,4.4,0.3,76.0,59.11347,9.65,0.0,100.0,17.25373,156.64442,80.45855,1005.9918
2023-02-27T19:00,10.3,6.5,159.0,,3.9,0.3,76.0,57.446808,11.05,0.1,100.0,23.14103,174.64427,68.62882,1005.4527
2023-02-27T20:00,11.0,6.9,158.0,,3.2,0.4,77.0,56.18794,11.55,0.0,93.0,21.746504,173.34567,61.496803,1004.4827
2023-02-27T21:00,11.8,7.5,157.0,,3.0,0.4,77.0,55.32801,13.05,0.0,100.0,26.27753,170.53775,49.435745,1002.75964
2023-02-27T22:00,12.3,7.8,158.0,,3.4,0.4,75.0,54.698574,13.15,0.0,100.0,26.459389,194.98167,45.737606,1002.3676
2023-02-27T23:00,12.7,7.9,159.0,,4.2,0.3,72.0,54.237587,11.2,0.3,100.0,24.122686,217.72505,58.255882,1002.7879
2023-02-28T00:00,19.8,12.1,153.0,,4.4,0.3,75.0,53.900707,9.9,1.0,100.0,11.269782,206.56499,70.57542,1003.62775
2023-02-28T01:00,15.4,9.3,169.0,,9.4,0.3,67.0,53.599285,9.3,0.1,99.0,14.003028,223.95847,71.95226,1003.9012
2023-02-28T02:00,15.8,9.8,191.0,,16.4,0.3,55.0,53.023045,7.9,0.4,100.0,4.73506,278.74606,82.479645,1004.5387
2023-02-28T03:00,16.9,10.6,211.0,,22.1,0.3,45.0,52.34929,7.3,0.0,93.0,5.815978,21.801476,84.73589,1004.91034
2023-02-28T04:00,17.1,10.6,208.0,,20.0,0.3,49.0,51.613472,7.65,0.0,40.0,4.3349743,41.63345,81.58964,1005.6165
2023-02-28T05:00,14.2,8.8,195.0,,14.7,0.4,58.0,50.78014,4.65,0.0,26.0,9.931042,46.468742,93.88789,1005.99097
2023-02-28T06:00,13.0,8.1,180.0,,8.5,0.4,69.0,49.44445,4.4,0.0,18.0,9.255571,76.50425,95.20737,1006.2775
2023-02-28T07:00,12.5,7.7,174.0,,6.6,0.4,73.0,47.187504,3.05,0.0,30.0,11.525623,91.78987,94.81794,1006.51917
2023-02-28T08:00,11.4,7.1,170.0,,5.8,0.4,74.0,44.930557,2.65,0.0,84.0,10.799999,90.0,94.12675,1006.79944
2023-02-28T09:00,11.3,7.0,166.0,,4.9,0.4,76.0,42.621536,3.35,0.0,92.0,6.849467,86.98728,93.49223,1007.1248
2023-02-28T10:00,11.6,7.2,163.0,,3.9,0.4,77.0,40.277786,3.0,0.0,97.0,6.489992,56.3099,95.15393,1007.2094
2023-02-28T11:00,12.1,7.5,161.0,,3.1,0.4,77.0,38.281258,3.1,0.6,100.0,7.9036193,59.93151,94.81999,1007.1147
2023-02-28T12:00,9.9,6.3,160.0,,2.6,0.4,79.0,36.92709,4.25,1.0,100.0,7.208994,87.13766,84.08566,1007.0626
2023-02-28T13:00,10.6,6.7,166.0,,4.1,0.4,76.0,35.138893,4.4,0.1,100.0,10.446206,91.97489,87.462685,1006.772
2023-02-28T14:00,10.3,6.5,174.0,,6.1,0.4,72.0,34.84462,4.6,0.0,100.0,8.557102,112.24908,85.942444,1006.4835
2023-02-28T15:00,11.6,7.4,181.0,,8.0,0.4,69.0,35.018555,4.9,0.0,100.0,9.0,126.86999,88.131256,1006.1
2023-02-28T16:00,13.2,8.5,179.0,,7.9,0.4,70.0,34.78664,5.8,0.0,100.0,11.246759,140.19447,86.676056,1006.1363
2023-02-28T17:00,11.7,7.2,174.0,,7.1,0.5,72.0,34.554733,7.35,0.0,100.0,11.720751,137.4896,80.13424,1006.1982
2023-02-28T18:00,11.5,6.8,167.0,,5.7,0.5,76.0,34.32282,9.0,0.0,100.0,13.896187,143.42688,75.23685,1006.2633
2023-02-28T19:00,11.3,6.6,163.0,,4.6,0.5,79.0,34.264843,9.9,0.0,100.0,16.595179,139.39879,73.32873,1005.90265
2023-02-28T20:00,11.1,6.4,158.0,,3.4,0.5,83.0,34.3808,10.85,0.1,100.0,19.652176,151.55717,63.967503,1005.04944
2023-02-28T21:00,11.5,6.8,155.0,,2.5,0.5,85.0,34.612705,9.95,0.2,100.0,17.57744,145.0079,71.82487,1004.02527
2023-02-28T22:00,12.3,7.4,156.0,,2.9,0.5,83.0,35.134506,9.9,0.5,100.0,17.072504,137.56381,73.58367,1002.53973
2023-02-28T23:00,12.7,7.7,159.0,,3.9,0.4,79.0,35.772263,9.9,0.7,100.0,17.057314,134.14499,80.49334,1001.3529
