latitude,longitude,elevation,utc_offset_seconds,timezone,timezone_abbreviation,location_name,source_air_quality,source_weather,period_start,period_end
37.30000305175781,-121.89999389648438,33.0,0,,,"Downtown San Jose, California",https://air-quality-api.open-meteo.com/v1/air-quality,https://archive-api.open-meteo.com/v1/archive,2018-03-01,2018-03-31
time,pm10_ug_m3,pm2_5_ug_m3,carbon_monoxide_ug_m3,carbon_dioxide_ppm,nitrogen_dioxide_ug_m3,sulphur_dioxide_ug_m3,ozone_ug_m3,us_aqi,temperature_2m,rain,cloud_cover,wind_speed_10m,wind_direction_10m,relative_humidity_2m,surface_pressure
2018-03-01T00:00,,,,,,,,,13.4,0.0,100.0,9.178235,334.44006,61.0857,1016.5941
2018-03-01T01:00,,,,,,,,,13.45,0.0,90.0,2.6208394,285.94547,61.946056,1016.3957
2018-03-01T02:00,,,,,,,,,11.75,0.0,100.0,8.825508,191.76826,72.16357,1016.37177
2018-03-01T03:00,,,,,,,,,11.1,0.1,99.0,10.787993,154.2901,75.33425,1016.6613
2018-03-01T04:00,,,,,,,,,10.6,0.1,99.0,13.783817,130.76352,78.14682,1016.35547
2018-03-01T05:00,,,,,,,,,10.6,0.2,100.0,15.281989,133.09087,78.68408,1015.8575
2018-03-01T06:00,,,,,,,,,10.5,0.2,100.0,13.755579,137.12111,81.12891,1015.55707
2018-03-01T07:00,,,,,,,,,10.55,0.4,100.0,15.696165,143.39284,82.812454,1014.9604
2018-03-01T08:00,,,,,,,,,10.45,0.8,100.0,17.826363,136.63654,85.08491,1014.7595
2018-03-01T09:00,,,,,,,,,10.25,1.3,100.0,18.59845,137.35333,85.06309,1014.0595
2018-03-01T10:00,,,,,,,,,10.05,1.3,100.0,18.35647,131.82008,85.04123,1013.45905
2018-03-01T11:00,,,,,,,,,9.7,1.4,100.0,18.532135,119.05451,89.7647,1012.75696
2018-03-01T12:00,,,,,,,,,10.1,1.8,100.0,22.322903,127.79401,78.87967,1011.7667
2018-03-01T13:00,,,,,,,,,10.2,2.8,100.0,21.096123,126.674446,78.62405,1010.9711
2018-03-01T14:00,,,,,,,,,9.85,5.2,99.0,18.335276,136.5911,84.44064,1010.76685
2018-03-01T15:00,,,,,,,,,10.6,2.4,73.0,19.107151,132.70937,82.81866,1010.27966
2018-03-01T16:00,,,,,,,,,12.05,0.2,94.0,18.472595,146.92932,83.276505,1009.90155
2018-03-01T17:00,,,,,,,,,12.4,0.7,92.0,19.803272,152.96922,82.48376,1009.60767
2018-03-01T18:00,,,,,,,,,12.55,1.1,77.0,15.696165,143.39284,82.779655,1009.6096
2018-03-01T19:00,,,,,,,,,13.55,0.5,86.0,20.240198,141.49933,81.80545,1008.82666
2018-03-01T20:00,,,,,,,,,13.8,0.4,78.0,21.42227,155.15764,80.486885,1007.9337
2018-03-01T21:00,,,,,,,,,13.2,0.4,93.0,20.65848,202.5431,81.21556,1008.02515
2018-03-01T22:00,,,,,,,,,13.25,0.2,93.0,15.077082,236.68936,72.68728,1007.7269
2018-03-01T23:00,,,,,,,,,12.95,0.0,92.0,10.383987,236.3099,65.110886,1008.1213
2018-03-02T00:00,,,,,,,,,13.75,0.0,100.0,7.729527,242.24155,73.27083,1007.6342
2018-03-02T01:00,,,,,,,,,13.25,0.0,33.0,11.212135,185.52745,68.84183,1007.1293
2018-03-02T02:00,,,,,,,,,11.15,0.0,59.0,10.703569,199.65392,74.31611,1007.09985
2018-03-02T03:00,,,,,,,,,11.1,0.0,21.0,10.805999,178.0909,71.54685,1006.50165
2018-03-02T04:00,,,,,,,,,9.95,0.0,19.0,12.303366,159.44388,73.08371,1006.3859
2018-03-02T05:00,,,,,,,,,9.35,0.0,89.0,12.9249525,167.125,77.416245,1006.8754
2018-03-02T06:00,,,,,,,,,9.8,0.1,83.0,12.496719,191.6336,78.834946,1007.1806
2018-03-02T07:00,,,,,,,,,9.45,2.7,100.0,9.028754,246.50142,79.32859,1007.97235
2018-03-02T08:00,,,,,,,,,9.1,0.9,95.0,10.464797,296.56497,80.65992,1008.6648
2018-03-02T09:00,,,,,,,,,8.5,0.4,87.0,9.726664,308.991,78.63953,1009.45276
2018-03-02T10:00,,,,,,,,,7.85,0.1,66.0,4.6102495,308.65982,81.901054,1009.94165
2018-03-02T11:00,,,,,,,,,7.75,0.0,39.0,4.6800003,292.6199,74.232704,1010.03955
2018-03-02T12:00,,,,,,,,,10.05,0.0,44.0,1.1384199,251.56496,62.89094,1009.7737
2018-03-02T13:00,,,,,,,,,9.85,0.2,73.0,3.9763298,174.80566,55.282368,1010.16925
2018-03-02T14:00,,,,,,,,,8.35,0.2,72.0,2.0991426,149.03632,63.16504,1010.3472
2018-03-02T15:00,,,,,,,,,6.0,0.4,80.0,4.39436,55.0079,85.78715,1010.6118
2018-03-02T16:00,,,,,,,,,7.8,0.6,66.0,8.28,90.0,79.91863,1011.1361
2018-03-02T17:00,,,,,,,,,8.95,0.4,94.0,5.3517847,132.27362,76.01886,1011.35187
2018-03-02T18:00,,,,,,,,,10.05,0.3,79.0,3.8939953,123.6901,70.851135,1011.16815
2018-03-02T19:00,,,,,,,,,10.0,0.3,90.0,5.771239,183.57626,75.40731,1011.16754
2018-03-02T20:00,,,,,,,,,10.45,0.3,80.0,5.4477882,187.59456,76.005165,1010.9746
2018-03-02T21:00,,,,,,,,,11.25,0.1,58.0,11.252519,187.35228,69.86761,1010.38837
2018-03-02T22:00,,,,,,,,,11.55,0.0,45.0,13.207634,197.44728,63.239243,1009.7949
2018-03-02T23:00,,,,,,,,,11.45,0.0,50.0,14.003029,197.96924,64.104034,1009.69403
2018-03-03T00:00,,,,,,,,,10.35,0.0,56.0,17.339897,175.23645,76.777504,1009.18054
2018-03-03T01:00,,,,,,,,,10.25,0.1,53.0,13.039754,186.3401,77.558014,1008.7806
2018-03-03T02:00,,,,,,,,,9.45,0.2,61.0,9.9571085,192.5288,79.87794,1008.9684
2018-03-03T03:00,,,,,,,,,8.95,0.1,54.0,8.557102,202.24907,80.91849,1009.26025
2018-03-03T04:00,,,,,,,,,8.75,0.1,46.0,7.6367526,188.13002,80.89111,1009.55615
2018-03-03T05:00,,,,,,,,,8.45,0.0,36.0,7.92,180.0,81.979485,1009.65137
2018-03-03T06:00,,,,,,,,,7.45,1.0,68.0,7.2805495,261.46933,84.45831,1010.53345
2018-03-03T07:00,,,,,,,,,8.6,0.0,34.0,2.8116899,140.19447,72.83528,1010.7491
2018-03-03T08:00,,,,,,,,,6.9,0.1,55.0,5.154415,155.22488,82.64087,1011.0235
2018-03-03T09:00,,,,,,,,,5.2,0.1,40.0,6.9527545,158.74942,87.847855,1011.39685
2018-03-03T10:00,,,,,,,,,5.25,0.0,24.0,8.669949,131.63345,84.502365,1011.597
2018-03-03T11:00,,,,,,,,,3.85,0.0,18.0,9.0,126.86999,89.2996,1011.47644
2018-03-03T12:00,,,,,,,,,3.4,0.0,16.0,8.4963045,126.384445,91.84643,1011.46985
2018-03-03T13:00,,,,,,,,,3.65,0.0,21.0,9.19939,120.57915,89.602,1011.7724
2018-03-03T14:00,,,,,,,,,2.4,0.0,34.0,7.289445,122.90524,91.78252,1012.25165
2018-03-03T15:00,,,,,,,,,3.25,0.0,43.0,7.928177,129.47243,88.93139,1012.5632
2018-03-03T16:00,,,,,,,,,6.8,0.0,47.0,7.653705,131.18582,78.10387,1013.0139
2018-03-03T17:00,,,,,,,,,8.9,0.2,63.0,4.8965297,143.97253,71.12369,1013.64197
2018-03-03T18:00,,,,,,,,,9.35,0.2,70.0,1.0182338,135.0001,68.03694,1013.7479
2018-03-03T19:00,,,,,,,,,10.15,0.1,55.0,7.0911775,113.962494,67.72921,1013.7594
2018-03-03T20:00,,,,,,,,,10.5,0.1,92.0,10.594036,170.21767,69.475815,1013.7642
2018-03-03T21:00,,,,,,,,,9.5,3.0,95.0,9.0,216.86998,69.760284,1013.4514
2018-03-03T22:00,,,,,,,,,9.75,0.1,93.0,6.489992,266.82022,69.81049,1013.25574
2018-03-03T23:00,,,,,,,,,10.3,0.1,87.0,9.726665,272.12103,72.140915,1013.0641
2018-03-04T00:00,,,,,,,,,9.3,0.4,86.0,9.0,270.0,68.02645,1013.64777
2018-03-04T01:00,,,,,,,,,8.95,0.1,51.0,4.510787,331.38962,70.387955,1013.7423
2018-03-04T02:00,,,,,,,,,7.9,0.2,70.0,7.9526596,5.19435,76.645744,1014.225
2018-03-04T03:00,,,,,,,,,7.1,0.2,93.0,7.8625183,15.945477,81.230865,1015.0103
2018-03-04T04:00,,,,,,,,,7.0,0.2,78.0,4.39436,55.0079,85.29552,1015.6064
2018-03-04T05:00,,,,,,,,,6.5,0.1,39.0,6.439876,116.56499,84.053566,1016.09705
2018-03-04T06:00,,,,,,,,,5.95,0.0,47.0,7.6367526,135.0001,84.88107,1016.3879
2018-03-04T07:00,,,,,,,,,5.15,0.0,50.0,8.14587,135.0001,87.2251,1016.6748
2018-03-04T08:00,,,,,,,,,4.4,0.0,32.0,7.386582,136.97493,89.344635,1017.1617
2018-03-04T09:00,,,,,,,,,3.75,0.0,35.0,6.618519,135.0001,90.571884,1017.9487
2018-03-04T10:00,,,,,,,,,3.3,0.0,34.0,7.127636,135.0001,90.53901,1018.3405
2018-03-04T11:00,,,,,,,,,3.05,0.0,23.0,7.386582,136.97493,90.197365,1018.5358
2018-03-04T12:00,,,,,,,,,2.7,0.0,18.0,9.178235,131.82008,88.88449,1019.1279
2018-03-04T13:00,,,,,,,,,2.9,0.0,4.0,9.220499,128.65984,87.005356,1019.5296
2018-03-04T14:00,,,,,,,,,2.55,0.0,4.0,9.220499,128.65984,87.6003,1020.2213
2018-03-04T15:00,,,,,,,,,2.5,0.0,3.0,8.404285,133.26433,87.28014,1020.6191
2018-03-04T16:00,,,,,,,,,5.55,0.0,1.0,6.638072,139.39879,80.15958,1021.46124
2018-03-04T17:00,,,,,,,,,8.4,0.0,1.0,4.829907,153.43501,72.79821,1021.802
2018-03-04T18:00,,,,,,,,,9.8,0.0,0.0,1.484318,255.96373,64.40513,1022.1209
2018-03-04T19:00,,,,,,,,,10.75,0.0,11.0,4.6102495,308.65982,59.810986,1022.5331
2018-03-04T20:00,,,,,,,,,11.65,0.0,17.0,6.297428,300.96368,55.3609,1022.74524
2018-03-04T21:00,,,,,,,,,12.25,0.0,22.0,9.83268,293.7495,53.973095,1022.35516
2018-03-04T22:00,,,,,,,,,12.75,0.0,10.0,11.503113,290.13638,47.117424,1021.86414
2018-03-04T23:00,,,,,,,,,12.75,0.0,7.0,13.684735,305.36255,42.759945,1021.66486
2018-03-05T00:00,,,,,,,,,12.15,0.0,7.0,16.055355,317.72638,47.45534,1021.75616
2018-03-05T01:00,,,,,,,,,11.15,0.0,81.0,14.57889,327.09476,58.037975,1021.642
2018-03-05T02:00,,,,,,,,,9.05,0.0,86.0,8.4963045,306.38446,73.94467,1021.8112
2018-03-05T03:00,,,,,,,,,8.8,0.0,90.0,5.315336,331.69934,69.619095,1021.60846
2018-03-05T04:00,,,,,,,,,9.25,0.0,28.0,2.0991426,329.03632,64.966286,1021.91376
2018-03-05T05:00,,,,,,,,,8.55,0.0,0.0,1.835647,281.3099,68.3503,1022.10297
2018-03-05T06:00,,,,,,,,,7.5,0.0,0.0,1.2979984,326.3099,74.45064,1022.48596
2018-03-05T07:00,,,,,,,,,6.25,0.0,0.0,3.2599385,83.659904,78.29518,1022.86615
2018-03-05T08:00,,,,,,,,,3.1,0.0,0.0,5.8603754,100.619606,86.09184,1023.0182
2018-03-05T09:00,,,,,,,,,1.95,0.0,0.0,6.379216,106.38962,85.970085,1023.4988
2018-03-05T10:00,,,,,,,,,1.35,0.0,0.0,7.754637,111.801476,83.73666,1023.68866
2018-03-05T11:00,,,,,,,,,0.8,0.0,0.0,7.145796,130.91429,83.36219,1023.3816
2018-03-05T12:00,,,,,,,,,0.9,0.0,0.0,7.7043357,127.40543,83.68152,1022.9848
2018-03-05T13:00,,,,,,,,,0.4,0.0,0.0,6.8777895,132.87889,85.174515,1022.778
2018-03-05T14:00,,,,,,,,,0.2,0.0,0.0,6.1094027,135.0001,84.21483,1022.57556
2018-03-05T15:00,,,,,,,,,0.8,0.0,0.0,6.297428,149.03632,84.28632,1022.4852
2018-03-05T16:00,,,,,,,,,4.3,0.0,1.0,4.198285,210.96368,74.14398,1022.538
2018-03-05T17:00,,,,,,,,,7.25,0.0,3.0,8.089993,249.14546,71.30603,1022.28326
2018-03-05T18:00,,,,,,,,,9.4,0.0,2.0,7.5685663,267.27374,67.09659,1022.0155
2018-03-05T19:00,,,,,,,,,11.3,0.0,1.0,7.5685663,272.72626,63.402576,1021.64435
2018-03-05T20:00,,,,,,,,,12.9,0.0,0.0,7.9932976,277.76508,58.273495,1020.96985
2018-03-05T21:00,,,,,,,,,14.35,0.0,0.0,9.227524,290.55612,50.853645,1020.09357
2018-03-05T22:00,,,,,,,,,15.35,0.0,0.0,9.693296,291.80148,45.234936,1019.0116
2018-03-05T23:00,,,,,,,,,15.9,0.0,0.0,9.659814,296.56497,41.858162,1018.22235
2018-03-06T00:00,,,,,,,,,15.8,0.0,48.0,9.449572,319.63553,45.84258,1017.52386
2018-03-06T01:00,,,,,,,,,15.15,0.0,74.0,9.178235,318.1799,51.96629,1017.11646
2018-03-06T02:00,,,,,,,,,11.45,0.0,97.0,7.653705,318.81415,69.66664,1016.96515
2018-03-06T03:00,,,,,,,,,12.4,0.0,99.0,1.8,360.0,54.012905,1017.2774
2018-03-06T04:00,,,,,,,,,10.85,0.0,99.0,3.671294,101.3099,60.899353,1017.2554
2018-03-06T05:00,,,,,,,,,8.45,0.0,100.0,4.5820518,135.0001,71.03606,1017.0217
2018-03-06T06:00,,,,,,,,,8.2,0.0,99.0,4.896529,162.89719,67.79422,1017.3171
2018-03-06T07:00,,,,,,,,,6.5,0.0,98.0,8.427383,109.98319,74.53772,1017.4914
2018-03-06T08:00,,,,,,,,,6.05,0.0,99.0,9.227524,110.55612,73.40091,1017.68414
2018-03-06T09:00,,,,,,,,,5.95,0.0,97.0,6.297428,149.03632,70.28921,1017.38385
2018-03-06T10:00,,,,,,,,,6.0,0.0,93.0,5.3999996,143.13002,68.30232,1017.18524
2018-03-06T11:00,,,,,,,,,4.8,0.0,38.0,6.618519,135.0001,71.59819,1016.86896
2018-03-06T12:00,,,,,,,,,4.75,0.0,5.0,5.3999996,143.13002,69.79246,1016.5692
2018-03-06T13:00,,,,,,,,,3.75,0.0,61.0,6.638072,139.39879,73.506996,1016.65405
2018-03-06T14:00,,,,,,,,,3.35,0.0,82.0,6.3690495,132.70937,74.24186,1016.648
2018-03-06T15:00,,,,,,,,,3.8,0.0,91.0,6.0347,107.35411,75.68543,1016.5552
2018-03-06T16:00,,,,,,,,,7.3,0.0,80.0,2.3051248,141.34016,60.905907,1016.3079
2018-03-06T17:00,,,,,,,,,9.75,0.0,42.0,3.319036,257.4712,57.067287,1015.945
2018-03-06T18:00,,,,,,,,,11.9,0.0,91.0,5.00128,300.25635,56.21396,1015.7763
2018-03-06T19:00,,,,,,,,,14.0,0.0,34.0,6.1305785,310.2363,52.5681,1015.30756
2018-03-06T20:00,,,,,,,,,16.35,0.0,21.0,7.754637,338.19852,48.294262,1015.04095
2018-03-06T21:00,,,,,,,,,18.55,0.0,31.0,6.162207,6.70975,46.934765,1014.2739
2018-03-06T22:00,,,,,,,,,20.45,0.0,89.0,3.7585104,73.300674,40.578106,1013.7016
2018-03-06T23:00,,,,,,,,,21.5,0.0,98.0,2.2768397,108.43504,32.54557,1013.516
2018-03-07T00:00,,,,,,,,,20.25,0.0,95.0,11.753877,332.6502,43.249023,1013.101
2018-03-07T01:00,,,,,,,,,18.1,0.0,94.0,14.277983,326.3099,56.43702,1013.0725
2018-03-07T02:00,,,,,,,,,14.45,0.0,99.0,10.195057,312.1375,71.93286,1013.71985
2018-03-07T03:00,,,,,,,,,15.85,0.0,100.0,3.5455887,336.0375,59.6074,1013.73926
2018-03-07T04:00,,,,,,,,,15.25,0.0,99.0,3.563818,135.0001,61.106033,1014.0299
2018-03-07T05:00,,,,,,,,,11.7,0.0,97.0,7.928177,140.52757,73.905075,1013.28326
2018-03-07T06:00,,,,,,,,,12.2,0.0,99.0,7.0911775,156.0375,69.10103,1013.9875
2018-03-07T07:00,,,,,,,,,12.75,0.0,100.0,5.6002855,135.0001,65.291046,1014.3937
2018-03-07T08:00,,,,,,,,,10.25,0.0,98.0,6.9153743,128.65984,74.67221,1014.0595
2018-03-07T09:00,,,,,,,,,9.15,0.0,98.0,7.6367526,135.0001,79.83494,1013.4463
2018-03-07T10:00,,,,,,,,,8.2,0.0,97.0,5.904439,142.43134,83.09223,1013.03424
2018-03-07T11:00,,,,,,,,,7.75,0.0,100.0,5.6920996,108.43504,83.61636,1012.7287
2018-03-07T12:00,,,,,,,,,9.45,0.0,99.0,5.0911684,98.13002,76.63161,1012.6537
2018-03-07T13:00,,,,,,,,,9.55,0.0,100.0,5.506941,101.3099,73.01042,1012.95404
2018-03-07T14:00,,,,,,,,,9.35,0.0,100.0,5.692099,124.69522,75.55881,1012.85156
2018-03-07T15:00,,,,,,,,,9.8,0.0,100.0,7.491114,125.21768,71.54673,1012.65875
2018-03-07T16:00,,,,,,,,,11.7,0.0,99.0,6.0347,162.64589,68.05382,1012.586
2018-03-07T17:00,,,,,,,,,13.35,0.0,99.0,5.5887027,165.06853,64.53186,1012.6089
2018-03-07T18:00,,,,,,,,,16.15,0.0,81.0,6.12,151.92761,51.875423,1012.8468
2018-03-07T19:00,,,,,,,,,18.05,0.0,89.0,6.130579,176.6336,43.22057,1013.0718
2018-03-07T20:00,,,,,,,,,18.7,0.0,88.0,5.5887027,165.06853,38.70092,1012.8812
2018-03-07T21:00,,,,,,,,,19.35,0.0,80.0,11.928989,174.80566,35.009663,1012.69086
2018-03-07T22:00,,,,,,,,,18.45,0.0,83.0,12.371645,171.6342,31.670086,1012.878
2018-03-07T23:00,,,,,,,,,18.0,0.0,65.0,11.525623,141.34016,33.166195,1012.77234
2018-03-08T00:00,,,,,,,,,20.15,0.0,41.0,14.241629,196.14441,25.752552,1011.9044
2018-03-08T01:00,,,,,,,,,18.15,0.0,20.0,10.636766,156.0375,38.137302,1011.6785
2018-03-08T02:00,,,,,,,,,14.8,0.0,41.0,12.287555,121.82741,50.79861,1011.6331
2018-03-08T03:00,,,,,,,,,13.4,0.0,40.0,10.296251,143.53067,57.193462,1012.1118
2018-03-08T04:00,,,,,,,,,12.0,0.0,29.0,11.304229,142.76509,58.867786,1013.08826
2018-03-08T05:00,,,,,,,,,11.1,0.0,40.0,11.753876,130.0302,57.00809,1013.77277
2018-03-08T06:00,,,,,,,,,10.5,0.0,28.0,11.592894,143.84172,56.651966,1014.2622
2018-03-08T07:00,,,,,,,,,10.25,0.0,54.0,13.104198,127.18479,54.01659,1014.95593
2018-03-08T08:00,,,,,,,,,10.4,0.2,28.0,14.003028,133.95847,55.229458,1015.15735
2018-03-08T09:00,,,,,,,,,10.25,0.0,92.0,12.181624,145.84026,63.15976,1015.15515
2018-03-08T10:00,,,,,,,,,11.0,0.0,93.0,10.514218,128.04709,67.20354,1015.2655
2018-03-08T11:00,,,,,,,,,11.6,0.3,90.0,8.891343,121.75944,70.90682,1015.0746
2018-03-08T12:00,,,,,,,,,11.7,0.0,73.0,8.587338,123.02387,77.5197,1014.97656
2018-03-08T13:00,,,,,,,,,11.95,0.0,79.0,9.178235,138.17992,77.03372,1015.07965
2018-03-08T14:00,,,,,,,,,11.7,0.0,92.0,7.9036193,149.9315,81.01496,1015.1758
2018-03-08T15:00,,,,,,,,,11.5,0.0,97.0,7.5685663,154.65387,83.210236,1015.7706
2018-03-08T16:00,,,,,,,,,12.85,0.0,97.0,7.653705,138.81418,80.086815,1015.7897
2018-03-08T17:00,,,,,,,,,14.9,0.0,98.0,6.12,151.92761,73.7215,1015.91766
2018-03-08T18:00,,,,,,,,,16.6,0.0,96.0,4.39436,124.992096,67.46217,1016.14014
2018-03-08T19:00,,,,,,,,,17.7,0.0,88.0,5.3517847,70.346085,67.4656,1015.85626
2018-03-08T20:00,,,,,,,,,18.3,0.0,49.0,8.654987,44.999897,66.925224,1015.76465
2018-03-08T21:00,,,,,,,,,18.95,0.0,48.0,10.495713,5.9060555,61.356583,1015.57434
2018-03-08T22:00,,,,,,,,,17.8,0.0,47.0,19.721298,338.58694,69.746254,1015.16016
2018-03-08T23:00,,,,,,,,,17.5,0.0,38.0,19.164717,331.9909,73.44853,1014.758
2018-03-09T00:00,,,,,,,,,17.6,0.0,41.0,18.792551,339.82925,72.272736,1013.8627
2018-03-09T01:00,,,,,,,,,17.0,0.0,78.0,14.205182,351.2539,73.36051,1013.25684
2018-03-09T02:00,,,,,,,,,14.9,0.0,37.0,8.427383,340.0168,83.88929,1013.12854
2018-03-09T03:00,,,,,,,,,13.2,0.0,99.0,8.0899935,327.72437,89.14064,1013.902
2018-03-09T04:00,,,,,,,,,13.6,0.0,100.0,3.8939953,326.3099,85.705894,1014.2061
2018-03-09T05:00,,,,,,,,,13.4,0.0,99.0,5.6233797,219.80553,89.74715,1014.30316
2018-03-09T06:00,,,,,,,,,12.6,0.0,100.0,4.68,180.0,93.63146,1014.29205
2018-03-09T07:00,,,,,,,,,12.95,0.0,99.0,5.4833565,113.19862,91.81345,1014.09766
2018-03-09T08:00,,,,,,,,,13.05,0.0,98.0,3.5455887,66.037506,87.95507,1014.0989
2018-03-09T09:00,,,,,,,,,11.95,0.0,98.0,6.1094027,315.0001,92.98025,1013.984
2018-03-09T10:00,,,,,,,,,11.25,0.0,97.0,7.7043357,322.59457,91.70804,1014.0737
2018-03-09T11:00,,,,,,,,,11.05,0.0,97.0,2.7416782,336.8014,85.72756,1013.9714
2018-03-09T12:00,,,,,,,,,9.1,0.0,99.0,3.319036,310.60123,99.663605,1013.14685
2018-03-09T13:00,,,,,,,,,9.3,0.1,100.0,1.0182338,224.9999,99.32927,1012.85095
2018-03-09T14:00,,,,,,,,,8.75,0.0,100.0,2.968636,194.03627,99.32635,1012.843
2018-03-09T15:00,,,,,,,,,9.0,0.0,100.0,3.0758414,200.55612,98.99302,1013.4441
2018-03-09T16:00,,,,,,,,,9.7,0.0,100.0,1.8,233.13002,98.33587,1013.753
2018-03-09T17:00,,,,,,,,,11.15,0.0,100.0,2.2768397,18.435053,93.87389,1013.5741
2018-03-09T18:00,,,,,,,,,13.2,0.0,99.0,4.802999,257.00537,81.760284,1014.0016
2018-03-09T19:00,,,,,,,,,15.2,0.0,95.0,9.585739,304.28693,72.31286,1014.1287
2018-03-09T20:00,,,,,,,,,16.6,0.0,100.0,12.313894,322.12497,63.95054,1013.9487
2018-03-09T21:00,,,,,,,,,16.8,0.0,100.0,13.246826,312.7974,62.5115,1013.4534
2018-03-09T22:00,,,,,,,,,16.85,0.0,100.0,14.264361,317.0454,64.65144,1012.85645
2018-03-09T23:00,,,,,,,,,16.5,0.0,100.0,14.021525,318.12222,69.031296,1012.15436
2018-03-10T00:00,,,,,,,,,17.2,0.0,100.0,11.592894,323.8417,61.152233,1011.36694
2018-03-10T01:00,,,,,,,,,16.55,0.0,100.0,10.691453,315.0001,69.7325,1010.7604
2018-03-10T02:00,,,,,,,,,14.5,0.0,100.0,7.8954163,313.1524,86.081184,1010.93176
2018-03-10T03:00,,,,,,,,,13.2,0.0,100.0,7.386582,316.9749,91.225334,1010.81415
2018-03-10T04:00,,,,,,,,,12.45,0.0,100.0,8.714677,308.2902,93.315025,1011.7996
2018-03-10T05:00,,,,,,,,,11.65,0.0,100.0,4.2136917,340.0168,94.52377,1011.58936
2018-03-10T06:00,,,,,,,,,12.2,0.0,100.0,2.16,270.0,92.68561,1011.39777
2018-03-10T07:00,,,,,,,,,11.7,0.0,100.0,2.3051248,218.65984,96.1078,1011.3908
2018-03-10T08:00,,,,,,,,,11.05,0.0,100.0,3.0758414,159.44388,98.02692,1011.38165
2018-03-10T09:00,,,,,,,,,10.7,0.0,100.0,4.0249224,169.6952,98.348854,1010.67926
2018-03-10T10:00,,,,,,,,,11.2,0.0,100.0,1.609969,243.43501,98.02922,1010.587
2018-03-10T11:00,,,,,,,,,11.1,0.0,100.0,2.0364676,44.999897,98.354004,1010.5854
2018-03-10T12:00,,,,,,,,,10.1,0.0,100.0,6.9247384,117.89718,92.56811,1009.2767
2018-03-10T13:00,,,,,,,,,11.95,0.0,100.0,2.6208394,164.05453,80.23118,1008.6053
2018-03-10T14:00,,,,,,,,,11.7,0.0,100.0,3.7064266,330.9455,81.84104,1009.6975
2018-03-10T15:00,,,,,,,,,12.15,0.0,100.0,2.3051248,51.34017,76.54425,1009.6042
2018-03-10T16:00,,,,,,,,,11.9,0.0,100.0,7.386582,316.9749,88.14708,1010.8956
2018-03-10T17:00,,,,,,,,,12.5,0.0,100.0,2.1897945,9.462248,84.45423,1010.7047
2018-03-10T18:00,,,,,,,,,13.25,0.0,100.0,2.0991426,300.96368,80.14267,1010.81476
2018-03-10T19:00,,,,,,,,,13.65,0.0,100.0,3.96,360.0,77.8213,1010.92004
2018-03-10T20:00,,,,,,,,,14.8,0.1,100.0,4.39436,325.0079,71.75696,1010.5374
2018-03-10T21:00,,,,,,,,,14.65,0.3,100.0,7.8954163,335.77228,76.43284,1011.1329
2018-03-10T22:00,,,,,,,,,14.2,0.8,100.0,7.072878,14.743609,76.87231,1010.62885
2018-03-10T23:00,,,,,,,,,14.6,0.5,100.0,1.2979984,326.3099,72.4451,1010.33545
2018-03-11T00:00,,,,,,,,,14.55,0.2,100.0,2.5959969,123.690094,74.65202,1010.1355
2018-03-11T01:00,,,,,,,,,14.75,0.1,100.0,6.725354,195.52417,74.93578,1009.93884
2018-03-11T02:00,,,,,,,,,13.3,0.0,100.0,4.3349743,221.63345,86.81925,1009.9189
2018-03-11T03:00,,,,,,,,,12.7,0.0,96.0,4.3349743,318.36655,85.612305,1010.2095
2018-03-11T04:00,,,,,,,,,11.6,0.0,11.0,5.2416787,344.05453,90.512634,1010.4928
2018-03-11T05:00,,,,,,,,,12.65,0.0,0.0,1.9386592,248.19853,87.04603,1010.80646
2018-03-11T06:00,,,,,,,,,11.85,0.0,0.0,4.1046314,322.12494,90.22884,1011.3927
2018-03-11T07:00,,,,,,,,,9.4,0.0,100.0,6.489992,326.3099,98.9962,1011.85614
2018-03-11T08:00,,,,,,,,,10.75,0.0,100.0,2.0991426,300.96368,99.667946,1012.37354
2018-03-11T09:00,,,,,,,,,10.45,0.0,100.0,2.5959969,236.3099,99.66718,1012.76746
2018-03-11T10:00,,,,,,,,,10.2,0.0,100.0,2.6208394,195.94547,99.0025,1012.66437
2018-03-11T11:00,,,,,,,,,9.25,0.0,100.0,4.1046314,195.25517,99.66401,1012.6508
2018-03-11T12:00,,,,,,,,,8.9,0.0,100.0,6.0347,197.35411,97.66246,1012.8452
2018-03-11T13:00,,,,,,,,,8.45,0.0,100.0,6.2145634,169.99208,98.319405,1013.3366
2018-03-11T14:00,,,,,,,,,8.4,0.0,100.0,6.6087217,150.64235,97.98552,1013.7344
2018-03-11T15:00,,,,,,,,,9.05,0.0,100.0,5.6233797,140.19447,96.35276,1014.5403
2018-03-11T16:00,,,,,,,,,10.6,0.0,75.0,2.5455842,135.0001,90.74632,1014.961
2018-03-11T17:00,,,,,,,,,12.15,0.0,14.0,2.52,270.0,86.99848,1014.88336
2018-03-11T18:00,,,,,,,,,13.45,0.0,3.0,6.489992,303.6901,83.443474,1015.2004
2018-03-11T19:00,,,,,,,,,14.65,0.0,0.0,6.9153743,321.34018,78.23319,1015.5157
2018-03-11T20:00,,,,,,,,,16.05,0.0,0.0,6.489992,3.179772,69.86674,1015.2363
2018-03-11T21:00,,,,,,,,,17.75,0.0,6.0,6.6185193,22.380184,63.35799,1014.5619
2018-03-11T22:00,,,,,,,,,19.1,0.0,87.0,7.208994,2.8623457,57.067146,1013.48425
2018-03-11T23:00,,,,,,,,,19.55,0.0,96.0,7.8954163,335.77228,54.75545,1013.19147
2018-03-12T00:00,,,,,,,,,20.4,0.0,97.0,9.605998,347.00537,54.608593,1012.8045
2018-03-12T01:00,,,,,,,,,19.95,0.0,96.0,7.9036193,329.9315,62.606422,1012.59924
2018-03-12T02:00,,,,,,,,,16.85,0.0,96.0,7.342588,281.3099,79.85155,1012.85645
2018-03-12T03:00,,,,,,,,,17.7,0.0,97.0,3.219938,243.43501,66.579384,1013.864
2018-03-12T04:00,,,,,,,,,15.75,0.0,93.0,6.151683,110.55613,73.870384,1014.2361
2018-03-12T05:00,,,,,,,,,13.8,0.0,99.0,8.766573,160.82089,82.932556,1014.80664
2018-03-12T06:00,,,,,,,,,13.25,0.0,99.0,10.44,133.60289,81.76674,1014.8987
2018-03-12T07:00,,,,,,,,,13.05,0.0,99.0,11.753876,139.9698,77.20754,1015.1946
2018-03-12T08:00,,,,,,,,,12.45,0.0,95.0,10.009036,142.3057,79.22547,1015.3855
2018-03-12T09:00,,,,,,,,,11.1,0.0,74.0,7.928177,140.52757,84.8681,1015.466
2018-03-12T10:00,,,,,,,,,10.8,0.0,9.0,8.161764,131.42357,85.411766,1015.16315
2018-03-12T11:00,,,,,,,,,10.25,0.0,6.0,8.404285,136.73567,86.81543,1014.7567
2018-03-12T12:00,,,,,,,,,10.6,0.0,14.0,7.928177,140.52757,86.849434,1013.5665
2018-03-12T13:00,,,,,,,,,10.7,0.0,12.0,8.587338,123.02387,85.112114,1013.3686
2018-03-12T14:00,,,,,,,,,10.65,0.0,23.0,8.587338,146.97614,85.39577,1013.6668
2018-03-12T15:00,,,,,,,,,12.0,0.0,33.0,6.989936,145.49142,83.27049,1013.5863
2018-03-12T16:00,,,,,,,,,15.45,0.0,15.0,6.725354,164.47583,71.39993,1013.435
2018-03-12T17:00,,,,,,,,,18.45,0.0,7.0,8.707237,150.2552,63.725357,1013.2764
2018-03-12T18:00,,,,,,,,,20.9,0.0,70.0,14.578888,159.77505,59.04162,1012.91034
2018-03-12T19:00,,,,,,,,,20.95,0.0,31.0,15.124284,178.63611,58.667778,1013.11053
2018-03-12T20:00,,,,,,,,,21.4,0.0,69.0,11.542478,176.42374,58.393074,1012.41895
2018-03-12T21:00,,,,,,,,,21.5,0.0,100.0,12.261158,183.3664,57.658165,1011.8225
2018-03-12T22:00,,,,,,,,,19.55,0.0,100.0,14.458382,198.88618,66.31318,1011.7969
2018-03-12T23:00,,,,,,,,,17.8,0.0,100.0,11.879999,180.0,73.98281,1011.5741
2018-03-13T00:00,,,,,,,,,18.85,0.0,63.0,10.630672,151.69934,71.56259,1009.5961
2018-03-13T01:00,,,,,,,,,17.25,2.2,100.0,11.013882,168.69011,80.4277,1009.67426
2018-03-13T02:00,,,,,,,,,15.9,2.5,96.0,14.05845,166.67546,88.20348,1009.35693
2018-03-13T03:00,,,,,,,,,15.6,0.7,98.0,11.298495,149.34941,87.89146,1009.5521
2018-03-13T04:00,,,,,,,,,16.35,0.0,99.0,15.281989,136.90913,83.238434,1009.66187
2018-03-13T05:00,,,,,,,,,16.75,0.0,98.0,20.12461,137.17476,79.31844,1009.76715
2018-03-13T06:00,,,,,,,,,16.45,0.0,96.0,20.188908,129.93633,79.27564,1009.8627
2018-03-13T07:00,,,,,,,,,16.3,0.3,81.0,19.602652,134.25603,80.0362,1009.66113
2018-03-13T08:00,,,,,,,,,15.95,2.0,100.0,16.08761,139.53786,81.8428,1010.05493
2018-03-13T09:00,,,,,,,,,16.05,0.2,100.0,15.815435,131.30852,82.66163,1010.25574
2018-03-13T10:00,,,,,,,,,15.6,0.0,98.0,16.78156,125.39488,85.35206,1009.95056
2018-03-13T11:00,,,,,,,,,15.65,0.0,77.0,14.982228,125.21768,85.35734,1009.6523
2018-03-13T12:00,,,,,,,,,15.7,0.0,96.0,14.799459,138.94528,83.98081,1008.6569
2018-03-13T13:00,,,,,,,,,15.25,0.7,97.0,11.966954,136.2188,86.43838,1008.65094
2018-03-13T14:00,,,,,,,,,15.05,2.0,100.0,13.755579,132.87889,86.70196,1008.34924
2018-03-13T15:00,,,,,,,,,15.65,1.5,96.0,14.773164,133.02507,83.70105,1007.8593
2018-03-13T16:00,,,,,,,,,16.15,0.8,99.0,17.208603,142.65057,81.60128,1008.2647
2018-03-13T17:00,,,,,,,,,16.0,1.2,100.0,14.003029,197.96924,81.58193,1009.15906
2018-03-13T18:00,,,,,,,,,15.85,0.5,100.0,7.289445,237.09476,80.50031,1010.05365
2018-03-13T19:00,,,,,,,,,15.85,0.1,100.0,5.1165614,219.28938,79.189644,1010.4521
2018-03-13T20:00,,,,,,,,,16.2,0.2,53.0,5.3517847,227.72638,72.25556,1010.65607
2018-03-13T21:00,,,,,,,,,17.3,0.1,60.0,6.725354,195.52417,66.49513,1010.1729
2018-03-13T22:00,,,,,,,,,17.6,0.1,65.0,11.885453,215.13428,56.121128,1009.6789
2018-03-13T23:00,,,,,,,,,17.15,0.0,82.0,13.783817,229.23648,54.87789,1009.7726
2018-03-14T00:00,,,,,,,,,14.7,0.0,82.0,12.429127,190.00792,70.30726,1009.0417
2018-03-14T01:00,,,,,,,,,13.95,0.3,90.0,8.350138,172.56868,75.81027,1008.93207
2018-03-14T02:00,,,,,,,,,13.6,0.7,90.0,5.506941,168.69011,76.263214,1009.0265
2018-03-14T03:00,,,,,,,,,12.55,0.1,76.0,7.0911775,156.0375,82.22618,1009.1116
2018-03-14T04:00,,,,,,,,,12.05,0.1,45.0,9.931042,136.46873,83.55703,1009.60266
2018-03-14T05:00,,,,,,,,,12.1,0.1,69.0,10.315115,150.75127,81.89275,1010.10126
2018-03-14T06:00,,,,,,,,,11.5,0.0,64.0,9.9571085,167.4712,84.34141,1010.7904
2018-03-14T07:00,,,,,,,,,11.1,0.1,57.0,8.891343,148.24057,84.29593,1010.8843
2018-03-14T08:00,,,,,,,,,10.5,0.0,47.0,7.653705,131.18582,86.83972,1011.2741
2018-03-14T09:00,,,,,,,,,9.85,0.0,29.0,7.5942082,121.42952,87.36919,1011.6633
2018-03-14T10:00,,,,,,,,,10.15,0.0,54.0,7.24486,116.56499,85.63316,1011.76733
2018-03-14T11:00,,,,,,,,,10.25,0.1,80.0,8.209263,105.25517,83.62673,1011.5694
2018-03-14T12:00,,,,,,,,,8.55,0.0,71.0,8.714677,141.7098,88.757835,1010.7485
2018-03-14T13:00,,,,,,,,,8.8,0.2,43.0,7.928177,129.47243,87.870995,1010.75195
2018-03-14T14:00,,,,,,,,,8.05,0.4,42.0,8.942214,139.89915,90.25531,1010.8408
2018-03-14T15:00,,,,,,,,,8.95,0.1,97.0,8.435069,129.80553,82.32811,1011.35187
2018-03-14T16:00,,,,,,,,,9.85,0.1,100.0,9.339208,117.552734,78.30104,1011.2649
2018-03-14T17:00,,,,,,,,,10.9,0.3,100.0,12.72283,154.8852,79.539474,1011.87744
2018-03-14T18:00,,,,,,,,,10.95,1.0,99.0,9.605998,167.00539,73.01377,1012.17694
2018-03-14T19:00,,,,,,,,,11.4,0.4,100.0,10.587917,197.81898,68.700676,1012.3824
2018-03-14T20:00,,,,,,,,,11.1,0.3,98.0,8.049845,206.56499,70.32232,1012.4779
2018-03-14T21:00,,,,,,,,,11.25,0.4,75.0,4.802999,192.99461,68.66991,1012.0816
2018-03-14T22:00,,,,,,,,,12.85,0.1,44.0,7.172949,197.52567,59.697887,1011.3074
2018-03-14T23:00,,,,,,,,,13.5,0.1,46.0,9.387651,237.52882,56.428177,1010.7186
2018-03-15T00:00,,,,,,,,,12.9,0.5,50.0,3.2599385,173.6599,68.77074,1011.308
2018-03-15T01:00,,,,,,,,,11.8,2.5,64.0,8.473393,282.26477,71.43421,1011.2925
2018-03-15T02:00,,,,,,,,,10.1,2.6,38.0,8.404285,43.26433,79.15118,1011.7667
2018-03-15T03:00,,,,,,,,,9.55,0.0,40.0,9.885262,100.491425,79.06998,1011.7588
2018-03-15T04:00,,,,,,,,,8.25,0.0,46.0,4.198285,120.96369,85.43088,1012.1385
2018-03-15T05:00,,,,,,,,,9.5,0.0,46.0,3.2399998,270.0,78.5184,1012.555
2018-03-15T06:00,,,,,,,,,8.7,0.0,40.0,4.1046314,254.74483,84.309326,1012.8423
2018-03-15T07:00,,,,,,,,,9.0,0.0,7.0,4.1046314,232.12495,79.262505,1012.9461
2018-03-15T08:00,,,,,,,,,6.3,0.0,48.0,7.342588,258.6901,83.73509,1013.0066
2018-03-15T09:00,,,,,,,,,6.45,0.0,29.0,8.350138,277.4313,78.04931,1013.50684
2018-03-15T10:00,,,,,,,,,6.2,0.0,2.0,5.4477882,277.59454,80.25256,1013.7022
2018-03-15T11:00,,,,,,,,,7.85,0.0,20.0,0.35999998,180.0,72.69589,1013.7264
2018-03-15T12:00,,,,,,,,,3.9,0.0,45.0,7.10031,149.53453,91.228424,1013.569
2018-03-15T13:00,,,,,,,,,3.9,0.0,38.0,9.931042,133.53127,89.94124,1013.7681
2018-03-15T14:00,,,,,,,,,4.5,0.0,53.0,10.464797,130.81499,86.85315,1013.77704
2018-03-15T15:00,,,,,,,,,6.0,0.0,27.0,10.44,133.60289,79.94029,1013.4006
2018-03-15T16:00,,,,,,,,,8.7,0.0,85.0,11.885453,125.13428,75.97713,1013.1411
2018-03-15T17:00,,,,,,,,,11.0,0.0,58.0,13.246826,132.79738,66.970215,1013.37305
2018-03-15T18:00,,,,,,,,,12.65,0.0,95.0,12.6462,184.899,58.210968,1013.29663
2018-03-15T19:00,,,,,,,,,13.25,0.0,67.0,15.2947035,206.56499,56.956688,1013.1057
2018-03-15T20:00,,,,,,,,,12.4,0.0,90.0,17.076298,198.43504,65.43924,1013.09393
2018-03-15T21:00,,,,,,,,,12.2,0.1,58.0,16.394829,188.84174,67.92352,1012.4934
2018-03-15T22:00,,,,,,,,,12.65,0.1,50.0,16.45007,203.19861,65.94664,1011.90216
2018-03-15T23:00,,,,,,,,,12.9,0.1,51.0,15.459054,207.75845,64.431145,1011.5072
2018-03-16T00:00,,,,,,,,,12.85,0.2,51.0,15.844089,201.31798,68.76056,1010.8093
2018-03-16T01:00,,,,,,,,,12.45,0.1,64.0,14.113653,185.85593,74.03738,1010.50476
2018-03-16T02:00,,,,,,,,,11.55,0.1,85.0,14.869351,173.04713,78.02564,1010.59174
2018-03-16T03:00,,,,,,,,,11.1,0.3,87.0,14.182355,156.0375,81.485855,1010.2866
2018-03-16T04:00,,,,,,,,,10.8,0.4,76.0,12.10157,149.62096,83.408165,1010.28253
2018-03-16T05:00,,,,,,,,,10.55,0.3,54.0,8.0899935,147.72438,85.96626,1010.4783
2018-03-16T06:00,,,,,,,,,10.65,0.3,57.0,7.5942082,148.57048,85.97655,1010.57904
2018-03-16T07:00,,,,,,,,,10.25,0.1,49.0,7.928177,140.52757,86.22781,1010.5734
2018-03-16T08:00,,,,,,,,,10.15,0.1,51.0,8.654987,135.0001,85.05216,1010.5721
2018-03-16T09:00,,,,,,,,,9.95,0.1,87.0,9.178235,138.17992,84.451996,1010.2704
2018-03-16T10:00,,,,,,,,,10.0,0.1,88.0,10.948973,133.66785,82.74413,1009.77313
2018-03-16T11:00,,,,,,,,,9.5,0.1,94.0,9.957108,130.60121,84.112144,1009.46735
2018-03-16T12:00,,,,,,,,,9.85,0.2,77.0,4.829907,116.56499,89.169044,1009.1732
2018-03-16T13:00,,,,,,,,,9.6,1.8,74.0,4.510787,61.389645,85.28301,1008.7713
2018-03-16T14:00,,,,,,,,,10.5,0.4,99.0,1.484318,14.036275,76.8017,1008.784
2018-03-16T15:00,,,,,,,,,9.9,1.0,100.0,4.1046314,322.12494,86.78131,1008.6762
2018-03-16T16:00,,,,,,,,,10.3,0.7,95.0,4.5536795,18.435053,81.6584,1008.7811
2018-03-16T17:00,,,,,,,,,10.85,0.4,64.0,7.8954163,294.22772,68.34983,1008.78906
2018-03-16T18:00,,,,,,,,,10.75,0.5,43.0,8.28,270.0,74.245926,1009.28577
2018-03-16T19:00,,,,,,,,,10.95,0.9,55.0,13.1041975,285.94547,71.518265,1009.2884
2018-03-16T20:00,,,,,,,,,11.85,0.2,34.0,10.30883,294.77512,67.15136,1009.5002
2018-03-16T21:00,,,,,,,,,11.0,1.5,47.0,11.631956,291.80148,72.271935,1009.48846
2018-03-16T22:00,,,,,,,,,11.3,0.0,29.0,14.205182,278.74606,62.52231,1008.9946
2018-03-16T23:00,,,,,,,,,10.7,0.0,48.0,13.138765,279.46225,63.26409,1008.986
2018-03-17T00:00,,,,,,,,,11.65,0.2,38.0,11.304229,279.16226,56.947636,1008.8004
2018-03-17T01:00,,,,,,,,,10.8,0.5,41.0,8.473393,257.73523,65.54119,1009.0873
2018-03-17T02:00,,,,,,,,,10.3,0.0,33.0,5.4833565,246.80138,72.64271,1009.17957
2018-03-17T03:00,,,,,,,,,10.25,0.1,34.0,2.3051248,308.65982,62.71621,1009.5774
2018-03-17T04:00,,,,,,,,,9.85,0.0,35.0,2.7416782,66.801384,65.330475,1009.8705
2018-03-17T05:00,,,,,,,,,8.05,0.0,37.0,7.4128532,119.05451,78.846214,1010.34283
2018-03-17T06:00,,,,,,,,,7.7,0.0,44.0,8.654987,135.0001,78.79352,1010.83575
2018-03-17T07:00,,,,,,,,,7.05,0.0,40.0,8.942214,139.89915,80.37324,1010.92584
2018-03-17T08:00,,,,,,,,,6.45,0.0,41.0,8.913181,136.63654,83.16655,1011.1165
2018-03-17T09:00,,,,,,,,,6.3,0.1,47.0,9.220499,128.65984,84.030014,1011.11426
2018-03-17T10:00,,,,,,,,,5.85,0.0,58.0,8.404285,133.26433,86.37684,1011.2072
2018-03-17T11:00,,,,,,,,,5.65,0.0,81.0,8.435069,129.80553,86.96663,1010.9056
2018-03-17T12:00,,,,,,,,,6.6,0.0,81.0,10.948973,133.66785,83.770996,1011.31793
2018-03-17T13:00,,,,,,,,,6.6,0.1,94.0,9.504272,127.30403,84.065315,1011.4175
2018-03-17T14:00,,,,,,,,,6.5,0.0,94.0,10.233123,129.28938,84.053566,1011.81433
2018-03-17T15:00,,,,,,,,,6.85,0.0,93.0,9.449572,139.63554,83.80082,1011.91895
2018-03-17T16:00,,,,,,,,,8.55,0.0,87.0,10.195057,132.13753,78.37383,1012.0433
2018-03-17T17:00,,,,,,,,,9.8,0.0,59.0,11.019764,141.63248,73.05626,1012.3599
2018-03-17T18:00,,,,,,,,,10.85,0.0,64.0,6.792466,147.99466,69.78781,1012.4744
2018-03-17T19:00,,,,,,,,,11.4,0.1,60.0,4.6938252,94.39862,68.938576,1012.482
2018-03-17T20:00,,,,,,,,,10.95,0.1,59.0,1.484318,345.9637,65.803406,1013.07336
2018-03-17T21:00,,,,,,,,,10.75,0.3,62.0,4.8433046,221.98714,70.253296,1012.8715
2018-03-17T22:00,,,,,,,,,11.65,0.1,65.0,4.5536795,288.43503,68.75187,1012.78467
2018-03-17T23:00,,,,,,,,,11.05,2.3,88.0,14.021525,311.87778,69.34598,1012.87573
2018-03-18T00:00,,,,,,,,,9.75,0.1,58.0,2.5455842,315.0001,74.58515,1013.45496
2018-03-18T01:00,,,,,,,,,10.65,0.0,68.0,5.315336,331.69934,69.26504,1013.56714
2018-03-18T02:00,,,,,,,,,10.35,0.0,39.0,5.315336,331.69934,71.90062,1013.9615
2018-03-18T03:00,,,,,,,,,8.9,0.0,31.0,5.1544156,347.90527,82.8918,1014.04034
2018-03-18T04:00,,,,,,,,,9.4,0.0,8.0,3.671294,348.6901,73.74986,1014.3462
2018-03-18T05:00,,,,,,,,,8.55,0.0,4.0,1.1384199,251.56496,78.37383,1014.5333
2018-03-18T06:00,,,,,,,,,5.65,0.0,1.0,3.6179552,174.2895,92.95703,1015.0886
2018-03-18T07:00,,,,,,,,,4.1,0.0,3.0,6.489992,146.3099,97.91549,1015.66327
2018-03-18T08:00,,,,,,,,,3.15,0.0,3.0,7.8954163,133.1524,96.17908,1016.1469
2018-03-18T09:00,,,,,,,,,2.9,0.0,2.0,7.8954163,136.8476,92.14339,1016.4422
2018-03-18T10:00,,,,,,,,,3.0,0.0,1.0,8.287822,124.3804,88.27447,1016.543
2018-03-18T11:00,,,,,,,,,2.6,0.0,0.0,6.0347,162.64589,88.87593,1016.03937
2018-03-18T12:00,,,,,,,,,3.05,0.0,0.0,6.297428,149.03632,86.3968,1016.3448
2018-03-18T13:00,,,,,,,,,2.9,0.0,0.0,8.217153,118.8107,86.07076,1016.74097
2018-03-18T14:00,,,,,,,,,2.25,0.0,3.0,6.8777895,137.12111,86.6269,1017.02985
2018-03-18T15:00,,,,,,,,,3.9,0.0,99.0,5.8603754,132.5104,81.08012,1017.6523
2018-03-18T16:00,,,,,,,,,6.9,0.0,100.0,3.8773184,158.19853,75.67354,1017.9954
2018-03-18T17:00,,,,,,,,,8.95,0.0,100.0,3.0758414,200.55612,73.66891,1018.6228
2018-03-18T18:00,,,,,,,,,10.5,0.0,100.0,0.8049845,26.564985,63.440334,1019.2424
2018-03-18T19:00,,,,,,,,,12.1,0.0,100.0,1.08,360.0,55.478416,1018.76697
2018-03-18T20:00,,,,,,,,,12.75,0.0,99.0,3.2599385,276.3401,51.498154,1019.17474
2018-03-18T21:00,,,,,,,,,13.5,0.0,100.0,4.510787,28.610369,48.51954,1018.5876
2018-03-18T22:00,,,,,,,,,14.1,0.0,100.0,5.7599998,360.0,49.377728,1017.89874
2018-03-18T23:00,,,,,,,,,14.0,0.0,100.0,9.0645685,353.15732,48.487663,1017.7978
2018-03-19T00:00,,,,,,,,,13.95,0.0,100.0,8.350138,352.5687,56.15215,1017.6976
2018-03-19T01:00,,,,,,,,,13.7,0.0,99.0,7.928177,320.52756,62.432316,1017.2956
2018-03-19T02:00,,,,,,,,,12.35,0.0,99.0,10.464797,296.56497,72.52219,1016.97797
2018-03-19T03:00,,,,,,,,,10.65,0.0,95.0,8.089993,290.85452,81.42628,1016.75446
2018-03-19T04:00,,,,,,,,,11.05,0.0,83.0,3.0758414,249.44386,75.325775,1017.1587
2018-03-19T05:00,,,,,,,,,10.9,0.0,83.0,2.9024127,187.12492,74.017204,1017.5548
2018-03-19T06:00,,,,,,,,,10.7,0.0,58.0,0.71999997,180.0,72.465866,1017.9503
2018-03-19T07:00,,,,,,,,,10.15,0.0,0.0,3.6179552,95.7105,73.374054,1017.94275
2018-03-19T08:00,,,,,,,,,5.95,0.0,0.0,7.8625183,105.945465,84.88107,1017.88184
2018-03-19T09:00,,,,,,,,,5.0,0.0,0.0,7.653705,138.81418,83.87572,1017.8678
2018-03-19T10:00,,,,,,,,,4.35,0.0,0.0,7.8954163,136.8476,84.0975,1017.65894
2018-03-19T11:00,,,,,,,,,3.85,0.0,0.0,7.42159,140.90616,83.73742,1017.253
2018-03-19T12:00,,,,,,,,,3.5,0.0,0.0,5.6002855,135.0001,83.99645,1016.74994
2018-03-19T13:00,,,,,,,,,3.55,0.0,0.0,6.297428,149.03632,82.80268,1017.14886
2018-03-19T14:00,,,,,,,,,3.25,0.0,0.0,8.14587,135.0001,80.69727,1016.84564
2018-03-19T15:00,,,,,,,,,4.8,0.0,6.0,5.5887027,165.06853,75.85679,1016.5702
2018-03-19T16:00,,,,,,,,,7.8,0.0,18.0,6.1305785,220.23628,74.24159,1016.51447
2018-03-19T17:00,,,,,,,,,10.15,0.0,70.0,5.692099,235.30478,64.25807,1016.24945
2018-03-19T18:00,,,,,,,,,12.4,0.0,63.0,3.4152596,251.56496,55.75222,1015.88293
2018-03-19T19:00,,,,,,,,,14.5,0.0,4.0,1.609969,296.56497,54.188473,1015.61334
2018-03-19T20:00,,,,,,,,,17.0,0.0,54.0,3.6179552,84.2895,45.861115,1014.8506
2018-03-19T21:00,,,,,,,,,19.0,0.0,99.0,6.763786,115.20109,32.749485,1014.1803
2018-03-19T22:00,,,,,,,,,20.0,0.0,99.0,9.422101,136.54811,30.125017,1013.596
2018-03-19T23:00,,,,,,,,,20.3,0.0,100.0,10.739832,129.55963,32.660072,1013.20123
2018-03-20T00:00,,,,,,,,,19.05,0.0,99.0,6.924738,351.02744,37.60009,1012.68665
2018-03-20T01:00,,,,,,,,,17.4,0.0,84.0,15.484185,324.46225,52.925842,1012.5648
2018-03-20T02:00,,,,,,,,,14.75,0.0,75.0,9.422101,316.5481,70.08098,1012.82745
2018-03-20T03:00,,,,,,,,,12.9,0.0,79.0,7.0911775,246.0375,77.96815,1013.1009
2018-03-20T04:00,,,,,,,,,11.95,0.0,97.0,8.209263,127.875046,79.15259,1012.5895
2018-03-20T05:00,,,,,,,,,11.8,0.0,69.0,7.9036193,120.0685,78.595665,1012.687
2018-03-20T06:00,,,,,,,,,10.8,0.0,90.0,7.127636,135.0001,79.25387,1012.87225
2018-03-20T07:00,,,,,,,,,10.55,0.0,92.0,7.145796,130.91429,77.60498,1012.7691
2018-03-20T08:00,,,,,,,,,10.4,0.0,95.0,4.5820518,135.0001,74.69824,1012.76685
2018-03-20T09:00,,,,,,,,,11.35,0.0,100.0,2.7416782,113.19862,62.753006,1012.7802
2018-03-20T10:00,,,,,,,,,11.6,0.0,100.0,2.1897945,80.53775,61.72411,1012.5845
2018-03-20T11:00,,,,,,,,,10.75,0.0,100.0,4.8965297,126.027466,71.9761,1012.07465
2018-03-20T12:00,,,,,,,,,13.8,0.0,98.0,3.0547013,224.9999,56.113644,1011.3203
2018-03-20T13:00,,,,,,,,,12.95,0.0,100.0,7.491114,144.78232,69.25226,1011.1095
2018-03-20T14:00,,,,,,,,,12.6,0.0,100.0,7.653705,221.18582,70.61564,1011.2043
2018-03-20T15:00,,,,,,,,,12.0,0.3,100.0,2.968636,284.03625,81.604195,1012.0922
2018-03-20T16:00,,,,,,,,,12.1,0.4,100.0,5.495161,121.60746,74.73582,1012.19305
2018-03-20T17:00,,,,,,,,,12.35,0.4,100.0,9.511088,119.4758,75.03331,1011.8981
2018-03-20T18:00,,,,,,,,,13.65,0.0,100.0,8.707237,119.74479,71.54127,1011.71686
2018-03-20T19:00,,,,,,,,,14.55,0.1,100.0,12.783802,147.65259,67.26134,1011.82886
2018-03-20T20:00,,,,,,,,,13.75,0.6,100.0,14.773164,136.97493,71.560104,1011.7182
2018-03-20T21:00,,,,,,,,,13.65,0.6,100.0,16.299694,136.78989,71.54127,1010.92004
2018-03-20T22:00,,,,,,,,,13.8,1.9,100.0,14.512064,133.99501,72.29813,1010.02545
2018-03-20T23:00,,,,,,,,,13.7,0.3,100.0,17.566378,134.16977,76.27945,1009.12775
2018-03-21T00:00,,,,,,,,,13.7,0.2,100.0,9.0,216.86998,77.82894,1008.2313
2018-03-21T01:00,,,,,,,,,13.35,3.7,100.0,12.768586,130.426,82.05296,1008.1265
2018-03-21T02:00,,,,,,,,,13.0,3.1,100.0,13.324863,128.41809,74.89003,1006.62775
2018-03-21T03:00,,,,,,,,,12.95,0.4,100.0,10.703569,160.34608,78.50232,1006.5276
2018-03-21T04:00,,,,,,,,,13.8,0.1,100.0,15.072783,139.84407,76.04022,1006.83795
2018-03-21T05:00,,,,,,,,,13.6,1.1,99.0,15.876775,147.0306,77.81362,1007.03436
2018-03-21T06:00,,,,,,,,,13.25,0.8,96.0,14.77755,145.92276,79.87478,1007.1293
2018-03-21T07:00,,,,,,,,,13.1,0.9,95.0,15.021105,135.97093,79.85361,1007.2266
2018-03-21T08:00,,,,,,,,,13.05,0.5,100.0,14.565548,129.98683,79.57911,1007.226
2018-03-21T09:00,,,,,,,,,13.05,0.0,96.0,13.397612,120.699646,79.846535,1007.52484
2018-03-21T10:00,,,,,,,,,13.05,0.0,100.0,12.904882,112.98875,79.846535,1007.42523
2018-03-21T11:00,,,,,,,,,13.2,0.0,100.0,11.841756,109.53674,79.60053,1007.12866
2018-03-21T12:00,,,,,,,,,14.55,0.3,99.0,14.512064,136.00499,81.93362,1005.35425
2018-03-21T13:00,,,,,,,,,14.95,0.0,99.0,12.979984,109.440125,81.44576,1005.26
2018-03-21T14:00,,,,,,,,,14.7,0.0,99.0,12.72283,115.11481,83.86629,1005.1569
2018-03-21T15:00,,,,,,,,,15.15,0.1,100.0,15.530151,135.9391,82.82292,1004.86444
2018-03-21T16:00,,,,,,,,,15.6,2.1,100.0,15.192682,143.67308,82.60649,1005.36847
2018-03-21T17:00,,,,,,,,,16.2,0.1,100.0,15.281989,136.90913,81.60772,1005.77515
2018-03-21T18:00,,,,,,,,,16.85,0.0,100.0,15.530151,135.9391,77.03441,1006.38165
2018-03-21T19:00,,,,,,,,,17.2,0.0,100.0,16.981165,147.99466,76.58721,1006.8844
2018-03-21T20:00,,,,,,,,,17.4,0.0,100.0,19.011953,161.22188,76.36936,1007.58417
2018-03-21T21:00,,,,,,,,,16.95,0.0,99.0,18.374111,145.37578,80.12585,1007.47864
2018-03-21T22:00,,,,,,,,,17.85,0.0,99.0,19.296133,165.96373,77.69224,1007.29144
2018-03-21T23:00,,,,,,,,,17.45,0.0,98.0,17.388409,152.90453,80.19442,1006.98724
2018-03-22T00:00,,,,,,,,,18.4,0.0,95.0,14.264361,169.82455,74.568855,1006.7013
2018-03-22T01:00,,,,,,,,,17.85,0.1,100.0,14.186923,144.29323,76.939316,1005.9965
2018-03-22T02:00,,,,,,,,,16.65,0.0,98.0,11.720751,132.5104,81.93168,1005.2831
2018-03-22T03:00,,,,,,,,,15.7,0.1,100.0,9.178235,154.44008,85.920876,1005.0709
2018-03-22T04:00,,,,,,,,,15.55,1.0,100.0,12.7279215,151.2603,86.186295,1004.9694
2018-03-22T05:00,,,,,,,,,15.6,1.7,100.0,15.986593,144.16226,86.75474,1005.5677
2018-03-22T06:00,,,,,,,,,15.25,1.5,100.0,18.171976,146.3099,88.723755,1005.9615
2018-03-22T07:00,,,,,,,,,14.95,1.7,100.0,18.892282,149.03632,88.12151,1005.75806
2018-03-22T08:00,,,,,,,,,14.95,1.8,100.0,18.775303,147.52882,86.692314,1005.1604
2018-03-22T09:00,,,,,,,,,15.15,2.1,100.0,19.083395,144.21094,86.42859,1004.6652
2018-03-22T10:00,,,,,,,,,15.2,1.9,100.0,13.363711,152.74475,86.1514,1004.367
2018-03-22T11:00,,,,,,,,,14.85,1.3,100.0,14.20062,149.53453,86.96705,1004.1631
2018-03-22T12:00,,,,,,,,,14.65,1.8,100.0,15.716793,159.90468,88.38437,1003.3634
2018-03-22T13:00,,,,,,,,,15.0,1.1,100.0,11.841756,160.46326,87.838455,1003.36804
2018-03-22T14:00,,,,,,,,,14.8,3.8,100.0,12.758432,163.61038,88.97683,1003.8636
2018-03-22T15:00,,,,,,,,,14.0,4.4,100.0,10.30883,155.22488,90.383995,1004.25104
2018-03-22T16:00,,,,,,,,,14.0,2.5,96.0,14.494192,165.61858,90.08785,1005.1475
2018-03-22T17:00,,,,,,,,,14.5,1.8,100.0,13.217443,150.64235,86.64883,1005.95135
2018-03-22T18:00,,,,,,,,,14.7,0.6,94.0,13.755579,137.12111,86.384346,1006.2527
2018-03-22T19:00,,,,,,,,,14.0,1.6,100.0,19.386593,291.80148,82.135475,1007.6377
2018-03-22T20:00,,,,,,,,,11.85,0.3,100.0,20.3774,302.00534,78.870155,1009.2014
2018-03-22T21:00,,,,,,,,,11.85,0.1,82.0,18.723461,307.97165,76.49568,1009.799
2018-03-22T22:00,,,,,,,,,12.55,0.0,93.0,23.838959,308.25446,68.69941,1010.5061
2018-03-22T23:00,,,,,,,,,12.3,0.0,69.0,23.166216,315.62952,64.9668,1011.1002
2018-03-23T00:00,,,,,,,,,12.9,0.0,84.0,18.161278,309.3693,62.89444,1010.9096
2018-03-23T01:00,,,,,,,,,11.7,0.0,45.0,18.35647,318.1799,61.532516,1011.9884
2018-03-23T02:00,,,,,,,,,10.25,0.0,68.0,14.113652,322.25314,70.64408,1013.3623
2018-03-23T03:00,,,,,,,,,8.9,0.0,29.0,11.457958,313.72705,74.69656,1014.14
2018-03-23T04:00,,,,,,,,,8.4,0.0,20.0,9.220499,308.65982,74.34799,1015.22833
2018-03-23T05:00,,,,,,,,,8.0,0.0,38.0,9.178235,311.82007,74.01623,1016.3182
2018-03-23T06:00,,,,,,,,,7.75,0.0,43.0,9.1641035,315.0001,74.4948,1016.8123
2018-03-23T07:00,,,,,,,,,6.9,0.0,30.0,7.6367526,315.0001,77.56993,1017.2983
2018-03-23T08:00,,,,,,,,,6.55,0.0,38.0,6.696387,323.74606,76.42321,1017.6915
2018-03-23T09:00,,,,,,,,,7.3,0.0,26.0,5.3517847,317.72638,70.558975,1018.2999
2018-03-23T10:00,,,,,,,,,8.8,0.0,22.0,0.35999998,180.0,63.045174,1018.8197
2018-03-23T11:00,,,,,,,,,7.35,0.0,7.0,5.154415,155.22488,67.6132,1019.29663
2018-03-23T12:00,,,,,,,,,4.25,0.0,1.0,9.686609,131.98714,83.48671,1019.2509
2018-03-23T13:00,,,,,,,,,4.1,0.0,8.0,9.793059,126.027466,84.36909,1019.5475
2018-03-23T14:00,,,,,,,,,3.25,0.0,2.0,9.885262,123.11135,86.72816,1020.0326
2018-03-23T15:00,,,,,,,,,4.85,0.0,6.0,7.42159,129.09386,82.37813,1020.2558
2018-03-23T16:00,,,,,,,,,8.75,0.0,1.0,6.297428,149.03632,71.5959,1020.2135
2018-03-23T17:00,,,,,,,,,10.65,0.0,0.0,4.829907,153.43501,61.281567,1019.94183
2018-03-23T18:00,,,,,,,,,11.7,0.0,2.0,1.4399999,90.0,57.97227,1019.85724
2018-03-23T19:00,,,,,,,,,12.55,0.0,28.0,8.14587,44.999897,54.43479,1019.66986
2018-03-23T20:00,,,,,,,,,13.15,0.0,23.0,9.360001,22.61991,52.155567,1018.9812
2018-03-23T21:00,,,,,,,,,13.8,0.0,72.0,11.183201,356.3087,54.572445,1018.3926
2018-03-23T22:00,,,,,,,,,14.6,0.0,95.0,14.512064,330.25522,52.545433,1017.70654
2018-03-23T23:00,,,,,,,,,14.8,0.0,91.0,18.218275,307.77576,49.74479,1017.5101
2018-03-24T00:00,,,,,,,,,14.35,0.0,91.0,14.458382,288.88617,54.149067,1016.7069
2018-03-24T01:00,,,,,,,,,13.7,0.0,76.0,10.24578,288.43503,53.977825,1016.7976
2018-03-24T02:00,,,,,,,,,12.15,0.0,26.0,7.5942073,275.44025,66.75308,1016.8755
2018-03-24T03:00,,,,,,,,,10.55,0.0,3.0,5.4119864,266.186,66.87378,1016.7533
2018-03-24T04:00,,,,,,,,,11.0,0.0,17.0,2.8116899,219.80553,58.825733,1016.95874
2018-03-24T05:00,,,,,,,,,8.85,0.0,25.0,5.3999996,143.13002,70.86458,1017.1271
2018-03-24T06:00,,,,,,,,,7.65,0.0,14.0,9.449572,139.63554,77.145004,1016.9107
2018-03-24T07:00,,,,,,,,,6.9,0.0,14.0,9.178235,138.17992,79.50826,1016.7006
2018-03-24T08:00,,,,,,,,,6.15,0.0,35.0,8.435069,140.19447,83.7171,1016.58997
2018-03-24T09:00,,,,,,,,,6.2,0.0,62.0,8.404285,136.73567,84.61122,1016.19214
2018-03-24T10:00,,,,,,,,,6.8,0.0,56.0,8.654987,135.0001,84.08879,1015.50385
2018-03-24T11:00,,,,,,,,,6.9,0.1,46.0,9.178235,138.17992,84.98721,1014.7087
2018-03-24T12:00,,,,,,,,,7.5,0.2,76.0,9.1641035,135.0001,86.54378,1014.41846
2018-03-24T13:00,,,,,,,,,7.9,0.6,55.0,8.161764,131.42357,87.486374,1014.225
2018-03-24T14:00,,,,,,,,,7.6,0.5,64.0,7.386582,133.02507,88.677185,1014.22076
2018-03-24T15:00,,,,,,,,,8.65,0.4,53.0,6.696387,143.74608,86.36087,1014.5346
2018-03-24T16:00,,,,,,,,,9.8,0.3,90.0,6.8777895,132.87889,83.85959,1014.2523
2018-03-24T17:00,,,,,,,,,10.8,0.2,95.0,2.9024127,150.2552,79.25387,1014.1671
2018-03-24T18:00,,,,,,,,,11.85,0.1,55.0,2.8116899,309.8055,72.42986,1014.5801
2018-03-24T19:00,,,,,,,,,12.35,0.1,72.0,10.239453,280.1246,73.26762,1014.5874
2018-03-24T20:00,,,,,,,,,12.9,0.2,99.0,12.43434,292.1095,76.14919,1014.4954
2018-03-24T21:00,,,,,,,,,12.95,0.1,34.0,14.799459,288.43503,61.18986,1014.49615
2018-03-24T22:00,,,,,,,,,13.35,0.0,38.0,17.581125,280.6196,48.134804,1014.3022
2018-03-24T23:00,,,,,,,,,13.1,0.0,26.0,19.164719,275.38922,49.1001,1014.1991
2018-03-25T00:00,,,,,,,,,13.2,0.0,28.0,19.443333,268.93912,46.410168,1013.50354
2018-03-25T01:00,,,,,,,,,11.75,0.0,49.0,17.026896,283.44864,54.223198,1013.98126
2018-03-25T02:00,,,,,,,,,10.65,0.0,28.0,6.87779,276.0089,65.279335,1014.364
2018-03-25T03:00,,,,,,,,,8.85,0.0,12.0,6.28713,203.6294,72.62666,1014.13904
2018-03-25T04:00,,,,,,,,,8.1,0.0,34.0,7.5942073,174.55975,72.99918,1014.5267
2018-03-25T05:00,,,,,,,,,8.3,0.0,73.0,6.379216,196.38962,75.64477,1015.02747
2018-03-25T06:00,,,,,,,,,7.75,0.0,48.0,6.1305785,319.7637,78.52561,1015.71674
2018-03-25T07:00,,,,,,,,,7.85,0.0,30.0,6.6087217,29.357658,80.76714,1016.2164
2018-03-25T08:00,,,,,,,,,7.35,0.0,29.0,5.4833565,66.801384,81.264786,1016.6075
2018-03-25T09:00,,,,,,,,,7.85,0.0,36.0,4.379589,99.46225,70.91866,1016.814
2018-03-25T10:00,,,,,,,,,7.55,0.0,20.0,4.072935,135.0001,71.364334,1016.7099
2018-03-25T11:00,,,,,,,,,6.75,0.0,17.0,4.39436,145.0079,74.05391,1016.49915
2018-03-25T12:00,,,,,,,,,4.65,0.0,18.0,7.8954163,136.8476,87.79707,1015.87067
2018-03-25T13:00,,,,,,,,,4.9,0.0,26.0,9.793059,126.027466,83.863754,1016.173
2018-03-25T14:00,,,,,,,,,4.45,0.0,25.0,9.686609,131.98714,84.40983,1016.36554
2018-03-25T15:00,,,,,,,,,5.8,0.0,55.0,6.8777895,132.87889,81.91887,1016.9831
2018-03-25T16:00,,,,,,,,,8.35,0.0,41.0,8.161764,131.42357,75.12516,1017.4189
2018-03-25T17:00,,,,,,,,,9.8,0.0,8.0,3.9763298,174.80566,69.09208,1017.34
2018-03-25T18:00,,,,,,,,,10.95,0.0,21.0,7.5685663,295.34613,66.0332,1017.55554
2018-03-25T19:00,,,,,,,,,12.1,0.1,20.0,10.739832,309.55963,58.07298,1017.5717
2018-03-25T20:00,,,,,,,,,12.75,0.1,46.0,14.05845,320.1945,51.498154,1017.581
2018-03-25T21:00,,,,,,,,,12.9,0.0,43.0,17.477621,327.61935,51.904404,1017.4836
2018-03-25T22:00,,,,,,,,,12.9,0.0,46.0,19.8,323.13,50.995186,1017.08514
2018-03-25T23:00,,,,,,,,,12.55,0.0,37.0,21.479664,320.44037,54.626747,1017.0801
2018-03-26T00:00,,,,,,,,,12.9,0.0,35.0,17.673029,326.6336,49.92276,1016.2883
2018-03-26T01:00,,,,,,,,,12.25,0.0,17.0,17.49615,323.36578,55.909668,1016.3788
2018-03-26T02:00,,,,,,,,,10.75,0.0,23.0,13.237038,315.0001,67.15028,1016.6565
2018-03-26T03:00,,,,,,,,,9.1,0.0,17.0,8.891343,301.75943,79.27722,1016.83215
2018-03-26T04:00,,,,,,,,,7.8,0.0,7.0,6.130579,273.3664,85.086754,1017.01245
2018-03-26T05:00,,,,,,,,,7.55,0.0,1.0,5.5887027,255.06853,84.46974,1017.20795
2018-03-26T06:00,,,,,,,,,7.95,0.0,1.0,4.452954,255.96373,81.629555,1017.3136
2018-03-26T07:00,,,,,,,,,6.35,0.0,0.0,6.638072,282.5288,87.95303,1017.4891
2018-03-26T08:00,,,,,,,,,6.25,0.0,0.0,9.346143,285.6423,89.49409,1017.5875
2018-03-26T09:00,,,,,,,,,5.75,0.0,0.0,9.028754,293.49857,89.76804,1017.58014
2018-03-26T10:00,,,,,,,,,5.25,0.0,0.0,8.707237,299.74478,90.999435,1017.47314
2018-03-26T11:00,,,,,,,,,4.7,0.0,0.0,8.534353,297.64587,91.60501,1017.5646
2018-03-26T12:00,,,,,,,,,4.65,0.0,62.0,8.209263,285.25516,91.9253,1017.6634
2018-03-26T13:00,,,,,,,,,5.1,0.0,0.0,6.6185193,292.3802,90.03357,1017.96893
2018-03-26T14:00,,,,,,,,,4.8,0.0,9.0,7.289444,290.22495,90.010605,1018.2633
2018-03-26T15:00,,,,,,,,,7.3,0.0,0.0,6.12,298.0724,86.223434,1018.9971
2018-03-26T16:00,,,,,,,,,9.2,0.0,0.0,9.931042,316.46872,78.74507,1019.52264
2018-03-26T17:00,,,,,,,,,10.7,0.0,3.0,14.003028,316.04153,70.732025,1019.6436
2018-03-26T18:00,,,,,,,,,12.1,0.0,1.0,15.815435,318.69147,63.14623,1019.76306
2018-03-26T19:00,,,,,,,,,13.4,0.0,4.0,15.7908325,316.8476,58.398197,1019.58234
2018-03-26T20:00,,,,,,,,,14.75,0.0,0.0,15.986593,305.83774,52.76867,1019.00323
2018-03-26T21:00,,,,,,,,,15.9,0.0,0.0,18.79255,306.43094,48.844627,1018.4216
2018-03-26T22:00,,,,,,,,,16.55,0.0,0.0,20.172853,304.82455,44.629982,1017.7332
2018-03-26T23:00,,,,,,,,,16.2,0.0,0.0,22.17144,302.3998,47.586235,1017.5293
2018-03-27T00:00,,,,,,,,,16.3,0.0,12.0,17.309975,315.0001,41.82578,1017.2317
2018-03-27T01:00,,,,,,,,,15.4,0.0,22.0,14.658676,335.32315,49.390686,1017.71765
2018-03-27T02:00,,,,,,,,,13.05,0.0,29.0,13.207634,342.5527,66.26029,1018.0831
2018-03-27T03:00,,,,,,,,,10.2,0.0,0.0,7.5170207,343.3007,80.53497,1018.44135
2018-03-27T04:00,,,,,,,,,11.7,0.0,0.0,3.096837,324.46225,70.19821,1018.76154
2018-03-27T05:00,,,,,,,,,11.3,0.0,0.0,3.6,270.0,70.60482,1018.8555
2018-03-27T06:00,,,,,,,,,11.1,0.0,10.0,2.968636,255.96373,68.6391,1018.753
2018-03-27T07:00,,,,,,,,,11.0,0.0,0.0,2.0991426,300.96368,68.85692,1018.85126
2018-03-27T08:00,,,,,,,,,10.55,0.0,0.0,1.9386592,291.80148,72.43798,1018.845
2018-03-27T09:00,,,,,,,,,10.2,0.0,0.0,4.6800003,292.6199,75.18119,1018.64056
2018-03-27T10:00,,,,,,,,,6.95,0.0,0.0,7.729527,297.75842,87.39701,1018.3944
2018-03-27T11:00,,,,,,,,,6.5,0.0,0.0,9.346143,285.6423,88.582756,1018.18854
2018-03-27T12:00,,,,,,,,,10.4,0.0,0.0,2.3051248,231.34016,71.16581,1018.74304
2018-03-27T13:00,,,,,,,,,10.05,0.0,0.0,4.32,270.0,70.851135,1019.03674
2018-03-27T14:00,,,,,,,,,9.5,0.0,0.0,3.9763298,275.19434,73.00125,1019.328
2018-03-27T15:00,,,,,,,,,9.05,0.0,0.0,4.73506,261.2539,83.7712,1020.118
2018-03-27T16:00,,,,,,,,,12.4,0.0,0.0,9.114471,260.9098,71.30422,1020.3652
2018-03-27T17:00,,,,,,,,,14.9,0.0,0.0,12.413476,286.8585,54.859577,1020.2008
2018-03-27T18:00,,,,,,,,,16.9,0.0,0.0,13.104198,307.18478,47.123657,1020.328
2018-03-27T19:00,,,,,,,,,18.4,0.0,0.0,13.493999,316.08084,43.320168,1020.1492
2018-03-27T20:00,,,,,,,,,19.85,0.0,85.0,13.104198,322.81522,38.360783,1019.47144
2018-03-27T21:00,,,,,,,,,20.8,0.0,95.0,12.979984,326.3099,37.192795,1019.0854
2018-03-27T22:00,,,,,,,,,21.25,0.0,93.0,10.739832,320.44037,39.16388,1018.3941
2018-03-27T23:00,,,,,,,,,21.35,0.0,75.0,11.113451,294.90472,41.962708,1017.6981
2018-03-28T00:00,,,,,,,,,21.55,0.0,80.0,12.429127,280.0079,42.305527,1016.40564
2018-03-28T01:00,,,,,,,,,20.4,0.0,88.0,7.9932976,277.76508,50.916187,1016.3907
2018-03-28T02:00,,,,,,,,,16.95,0.0,77.0,5.904439,322.43134,73.3517,1016.54333
2018-03-28T03:00,,,,,,,,,13.95,0.0,76.0,7.754637,338.19852,82.40223,1017.0003
2018-03-28T04:00,,,,,,,,,15.8,0.0,79.0,2.6208394,15.945477,71.94268,1017.12537
2018-03-28T05:00,,,,,,,,,15.4,0.0,78.0,1.484318,194.03627,73.319786,1017.31915
2018-03-28T06:00,,,,,,,,,14.55,0.0,66.0,4.452954,165.96373,75.15253,1017.407
2018-03-28T07:00,,,,,,,,,11.55,0.0,0.0,7.127636,135.0001,80.175255,1017.3649
2018-03-28T08:00,,,,,,,,,10.5,0.0,0.0,9.957108,130.60121,77.59716,1016.8519
2018-03-28T09:00,,,,,,,,,9.6,0.0,0.0,8.669949,131.63345,78.26285,1016.5403
2018-03-28T10:00,,,,,,,,,10.6,0.0,0.0,5.6002855,135.0001,69.98035,1016.6543
2018-03-28T11:00,,,,,,,,,10.25,0.0,25.0,5.815978,158.19853,70.89008,1016.84845
2018-03-28T12:00,,,,,,,,,8.95,0.0,49.0,7.24486,153.43501,78.98088,1017.22833
2018-03-28T13:00,,,,,,,,,8.15,0.0,0.0,8.0899935,147.72438,82.79832,1017.21674
2018-03-28T14:00,,,,,,,,,7.7,0.0,0.0,7.7879906,146.3099,83.90164,1017.30975
2018-03-28T15:00,,,,,,,,,10.55,0.0,41.0,5.5887027,165.06853,74.724236,1017.6497
2018-03-28T16:00,,,,,,,,,13.5,0.0,0.0,7.24486,243.43501,66.13078,1017.7908
2018-03-28T17:00,,,,,,,,,15.8,0.0,0.0,10.823973,266.186,59.392986,1017.7231
2018-03-28T18:00,,,,,,,,,17.9,0.0,0.0,12.015589,278.61557,55.631325,1017.8513
2018-03-28T19:00,,,,,,,,,19.85,0.0,0.0,12.371645,278.36578,53.745567,1017.37946
2018-03-28T20:00,,,,,,,,,21.55,0.0,0.0,12.287555,275.04236,52.24987,1016.40564
2018-03-28T21:00,,,,,,,,,23.05,0.0,0.0,12.9249525,282.875,48.327568,1015.8276
2018-03-28T22:00,,,,,,,,,23.95,0.0,0.0,16.746773,295.46332,44.28416,1015.1421
2018-03-28T23:00,,,,,,,,,23.4,0.0,0.0,18.514643,296.56497,48.581802,1014.83624
2018-03-29T00:00,,,,,,,,,23.65,0.0,0.0,14.05845,283.32455,47.072628,1014.2416
2018-03-29T01:00,,,,,,,,,22.1,0.0,0.0,11.792404,282.33908,56.869713,1014.02203
2018-03-29T02:00,,,,,,,,,18.75,0.0,0.0,8.891344,291.3707,75.35589,1014.0772
2018-03-29T03:00,,,,,,,,,18.85,0.0,0.0,2.968636,284.03625,68.145966,1014.17834
2018-03-29T04:00,,,,,,,,,18.1,0.0,0.0,1.609969,153.43501,70.72573,1014.86554
2018-03-29T05:00,,,,,,,,,17.2,0.0,0.0,4.379589,170.53775,69.62907,1015.4511
2018-03-29T06:00,,,,,,,,,16.15,0.0,0.0,4.896529,162.89719,68.04736,1015.6359
2018-03-29T07:00,,,,,,,,,12.7,0.0,14.0,8.404285,136.73567,78.99536,1015.09015
2018-03-29T08:00,,,,,,,,,12.5,0.0,0.0,10.009036,127.694305,76.860405,1014.68896
2018-03-29T09:00,,,,,,,,,12.2,0.0,0.0,10.182337,135.0001,76.81247,1014.1867
2018-03-29T10:00,,,,,,,,,11.55,0.0,0.0,9.931042,133.53127,78.291534,1013.8788
2018-03-29T11:00,,,,,,,,,11.05,0.0,0.0,8.14587,135.0001,78.21554,1013.67255
2018-03-29T12:00,,,,,,,,,13.4,0.0,0.0,5.6920996,161.56496,67.24833,1013.9048
2018-03-29T13:00,,,,,,,,,15.45,0.0,8.0,3.8268526,138.81418,56.923878,1014.2319
2018-03-29T14:00,,,,,,,,,15.0,0.0,0.0,4.510787,151.38963,56.226578,1014.9228
2018-03-29T15:00,,,,,,,,,13.45,0.0,5.0,4.0249224,169.6952,75.9829,1015.3996
2018-03-29T16:00,,,,,,,,,15.8,0.0,0.0,5.3999996,233.13002,59.79822,1015.6312
2018-03-29T17:00,,,,,,,,,17.55,0.0,1.0,8.654986,253.0724,57.838203,1015.35626
2018-03-29T18:00,,,,,,,,,19.5,0.0,83.0,9.726665,267.87894,55.84979,1015.58154
2018-03-29T19:00,,,,,,,,,21.25,0.0,62.0,9.779817,263.6599,54.285034,1015.10675
2018-03-29T20:00,,,,,,,,,22.85,0.0,52.0,10.805999,268.09088,52.933937,1014.62964
2018-03-29T21:00,,,,,,,,,24.25,0.0,41.0,11.901798,273.46817,50.59499,1014.0501
2018-03-29T22:00,,,,,,,,,25.2,0.0,55.0,13.450708,285.52417,45.367725,1013.2655
2018-03-29T23:00,,,,,,,,,25.5,0.0,2.0,16.1198,293.70264,42.84226,1012.97034
2018-03-30T00:00,,,,,,,,,25.9,0.0,6.0,14.372974,292.06796,43.23613,1012.77625
2018-03-30T01:00,,,,,,,,,24.4,0.0,26.0,11.440978,282.72437,50.79951,1012.7569
2018-03-30T02:00,,,,,,,,,20.25,0.0,3.0,9.339208,297.55273,71.35885,1012.60297
2018-03-30T03:00,,,,,,,,,18.65,0.0,0.0,5.6233797,309.8055,71.99286,1012.6813
2018-03-30T04:00,,,,,,,,,18.85,0.0,0.0,4.1046314,285.25516,70.86745,1013.28186
2018-03-30T05:00,,,,,,,,,17.8,0.0,0.0,2.968636,194.03627,73.26137,1014.06445
2018-03-30T06:00,,,,,,,,,14.3,0.0,0.0,7.8954163,136.8476,76.63194,1014.0168
2018-03-30T07:00,,,,,,,,,13.8,0.0,0.0,11.709688,135.0001,68.9531,1013.9102
2018-03-30T08:00,,,,,,,,,13.1,0.0,0.0,12.096214,126.528946,69.75623,1013.9003
2018-03-30T09:00,,,,,,,,,12.0,0.0,35.0,11.298495,120.65059,76.001434,1013.6859
2018-03-30T10:00,,,,,,,,,11.7,0.0,74.0,11.090103,125.753975,76.99396,1013.38293
2018-03-30T11:00,,,,,,,,,11.05,0.0,55.0,10.233123,129.28938,78.751335,1013.17456
2018-03-30T12:00,,,,,,,,,10.8,0.0,6.0,7.42159,112.833694,82.002525,1013.1711
2018-03-30T13:00,,,,,,,,,12.0,0.0,96.0,5.495161,121.60746,71.71749,1013.4867
2018-03-30T14:00,,,,,,,,,12.55,0.0,96.0,5.3517847,132.27362,67.06867,1013.7931
2018-03-30T15:00,,,,,,,,,13.75,0.0,95.0,3.096837,144.46223,73.024254,1014.5072
2018-03-30T16:00,,,,,,,,,16.55,0.0,100.0,2.5455842,81.86999,62.03539,1014.6452
2018-03-30T17:00,,,,,,,,,18.95,0.0,99.0,3.319036,282.5288,58.76622,1014.67773
2018-03-30T18:00,,,,,,,,,20.8,0.0,99.0,4.3498964,335.55606,55.256226,1015.1007
2018-03-30T19:00,,,,,,,,,23.0,0.0,99.0,5.4833565,336.8014,48.15457,1015.12964
2018-03-30T20:00,,,,,,,,,24.35,0.0,98.0,6.763786,334.79892,42.805557,1014.84827
2018-03-30T21:00,,,,,,,,,25.4,0.0,100.0,8.766573,340.8209,41.149998,1014.2642
2018-03-30T22:00,,,,,,,,,26.1,0.0,99.0,11.246759,320.1945,38.957108,1013.4762
2018-03-30T23:00,,,,,,,,,26.0,0.0,14.0,13.246826,317.2026,38.929005,1013.07635
2018-03-31T00:00,,,,,,,,,26.2,0.0,100.0,12.313894,307.87503,37.963375,1012.18225
2018-03-31T01:00,,,,,,,,,24.3,0.0,100.0,9.504272,307.30402,50.279457,1011.9586
2018-03-31T02:00,,,,,,,,,20.9,0.0,99.0,5.991594,302.7352,71.707924,1012.1134
2018-03-31T03:00,,,,,,,,,21.7,0.0,99.0,2.2768397,288.43503,56.58547,1012.2238
2018-03-31T04:00,,,,,,,,,20.45,0.0,99.0,1.8,270.0,60.9002,1012.70544
2018-03-31T05:00,,,,,,,,,18.7,0.0,100.0,3.7585104,253.30067,67.22854,1013.2797
2018-03-31T06:00,,,,,,,,,17.6,0.0,98.0,3.9763298,185.19434,67.000374,1013.265
2018-03-31T07:00,,,,,,,,,15.15,0.0,97.0,6.638072,167.4712,71.34346,1013.4309
2018-03-31T08:00,,,,,,,,,14.55,0.0,92.0,7.8954163,136.8476,70.51502,1013.4226
2018-03-31T09:00,,,,,,,,,13.95,0.0,77.0,8.587338,146.97614,69.45234,1013.2152
2018-03-31T10:00,,,,,,,,,13.35,0.0,87.0,9.021574,151.38963,70.52095,1012.6089
2018-03-31T11:00,,,,,,,,,13.3,0.0,68.0,8.669949,138.36655,69.322495,1012.30945
2018-03-31T12:00,,,,,,,,,14.6,0.0,99.0,3.6,126.86999,59.303467,1012.0288
2018-03-31T13:00,,,,,,,,,14.5,0.0,57.0,0.8049845,63.435013,57.6695,1012.5255
2018-03-31T14:00,,,,,,,,,13.85,0.0,52.0,1.609969,116.56499,58.91585,1013.0143
2018-03-31T15:00,,,,,,,,,13.65,0.0,81.0,0.8049845,206.56499,60.09996,1013.0118
2018-03-31T16:00,,,,,,,,,14.15,0.0,100.0,1.1384199,341.56494,64.48968,1013.2177
2018-03-31T17:00,,,,,,,,,15.9,0.0,100.0,0.5091169,315.0001,62.93894,1013.04254
2018-03-31T18:00,,,,,,,,,17.65,0.0,100.0,0.8049845,26.564985,60.443455,1013.36523
2018-03-31T19:00,,,,,,,,,19.7,0.0,99.0,1.0182338,44.999897,54.7938,1013.5918
2018-03-31T20:00,,,,,,,,,21.5,0.0,100.0,1.835647,11.3098955,47.428345,1013.2171
2018-03-31T21:00,,,,,,,,,22.55,0.0,100.0,5.2416787,344.05453,43.74783,1012.83276
2018-03-31T22:00,,,,,,,,,22.7,0.0,100.0,14.578888,339.77505,52.03464,1012.5357
2018-03-31T23:00,,,,,,,,,22.1,0.0,100.0,14.241629,343.8556,52.22104,1012.4281
